nb_objets,temps_arbo,temps_dyn,timeout
5,0.2708834590011975,0.2606002920001629,False
5,0.254756834001455,0.24955287500051782,False
6,0.2499122500012163,0.2505139999993844,False
6,0.25023320900072576,0.2483531249963562,False
7,0.2505343750017346,0.2515309590016841,False
7,0.26578279200475663,0.3112043330038432,False
8,0.26034954100032337,0.26098762500623707,False
8,0.2776525420049438,0.29092566599865677,False
9,0.25346479199652094,0.25284162500611274,False
9,0.2648451249988284,0.26128958300250815,False
10,0.2799422919997596,0.26673283399577485,False
10,0.2623033749987371,0.2641740419931011,False
11,0.26243708299443824,0.2773325419984758,False
11,0.25796120800077915,0.2813036250008736,False
12,0.25382562500453787,0.2511599580029724,False
12,0.25010829199891305,0.2556260420024046,False
13,0.2506970419999561,0.24859487500361865,False
13,0.25392654199822573,0.2501514999967185,False
14,0.25314220799918985,0.25287808300345205,False
14,0.24973791699449066,0.25329091700405115,False
15,0.2554304579971358,0.25428370800364064,False
15,0.2517037080033333,0.25252000000182306,False
16,0.2551888330053771,0.24952604199643247,False
16,0.25319991600554204,0.2536678749966086,False
17,0.2495772920010495,0.2599213339999551,False
17,0.2584196250027162,0.25392637500044657,False
18,0.2533672080026008,0.2540491249965271,False
18,0.3157444999960717,0.2600467089941958,False
19,0.25128666700038593,0.24998900000355206,False
19,0.2510848750025616,0.25598016600270057,False
20,0.24776366599689936,0.2704182919987943,False
20,0.2570645840023644,0.24926187499659136,False
21,0.28584229099942604,0.2563062919944059,False
21,0.2576584999987972,0.25629024999943795,False
22,0.2689126250043046,0.2518105000053765,False
22,0.25150308400043286,0.25205008299963083,False
23,0.28024391700455453,0.2541148750024149,False
23,0.2562458750035148,0.2519145420010318,False
24,0.25036466700112214,0.25111000000470085,False
24,0.25166283300495706,0.25299037500371924,False
25,0.2531995419994928,0.2528207499999553,False
25,0.2513098749986966,0.2630270829977235,False
26,0.2538332089970936,0.2530717499976163,False
26,0.2512340419998509,0.25157629099703627,False
27,0.25283816600131104,0.25279049999517156,False
27,0.2515320829988923,0.2520159589985269,False
28,0.2506074999982957,0.25485754200053634,False
28,0.25139499999932013,0.25144833300146274,False
29,0.25101441600418184,0.25155208299838705,False
29,0.2511689579987433,0.25221725000301376,False
30,0.25290995799878146,0.2527519580035005,False
30,0.25191137500223704,0.2540617909980938,False
31,0.251829082997574,0.2776467500007129,False
31,0.25680308399751084,0.25183908300095936,False
32,0.2515147079975577,0.25211408299946925,False
32,0.2557789159982349,0.2648462910001399,False
33,0.25495924999995623,0.2865234999990207,False
33,0.2680838340020273,0.2532667909981683,False
34,0.25314841700310353,0.2530680419949931,False
34,0.25596650000079535,0.2550613749990589,False
35,0.2513645840008394,0.25320062499667984,False
35,0.2522820000012871,0.25319379099528305,False
36,0.2542914580044453,0.25716729200212285,False
36,0.2541611670021666,0.25272608299565036,False
37,0.2523134579969337,0.25288562499918044,False
37,0.25022066699602874,0.2533910839993041,False
38,0.25417483300407184,0.2538544170020032,False
38,0.25635987499845214,0.28423737500270363,False
39,0.2604927919965121,0.2558612089997041,False
39,0.2600332910005818,0.2580622090026736,False
40,0.25778058399737347,0.2540089579997584,False
40,0.2527782909965026,0.2533187090011779,False
41,0.25359816699346993,0.2542168750005658,False
41,0.25426591699942946,0.2548414170014439,False
42,0.2518315000052098,0.2548231670007226,False
42,0.2525684580032248,0.25898816699918825,False
43,0.25655504099995596,0.2792242499999702,False
43,0.2540294580030604,0.25415041700034635,False
44,0.25471366699639475,0.25438887500058627,False
44,0.25609645799704595,0.2526833330048248,False
45,0.25396733300294727,0.25406008300342364,False
45,0.252585000002,0.2582757499985746,False
46,0.25363800000195624,0.2568945410021115,False
46,0.25206341599550797,0.25350800000160234,False
47,0.25698708400159376,0.2535454579992802,False
47,0.25538845799746923,0.25636054200003855,False
48,0.2753899589952198,0.2547855000011623,False
48,0.25274570799956564,0.2543006669948227,False
49,0.25293829099973664,0.2541277920026914,False
49,0.2548010000027716,0.25595445799990557,False
50,0.25867374999506865,0.26168637500086334,False
50,0.25785679199907463,0.25614754200069,False
51,0.26012858300236985,0.2545537920013885,False
51,0.2565842909971252,0.26174020799953723,False
52,0.25507862499944167,0.2592110830009915,False
52,0.2621231250013807,0.2815816670045024,False
53,0.252026708003541,0.2598986659941147,False
53,0.2535970409953734,0.2631335409969324,False
54,0.2599922500012326,0.26185850000183564,False
54,0.2578488329963875,0.2588725409950712,False
55,0.2568222909976612,0.2572553330028313,False
55,0.2563122089995886,0.2801236669984064,False
56,0.2595580000051996,0.26277470799686853,False
56,0.25506433300324716,0.25581445800344227,False
57,0.2552342920025694,0.25662858299619984,False
57,0.25572029199975077,0.2558171249984298,False
58,0.25630549999914365,0.2551336670003366,False
58,0.25662358299450716,0.25679041699913796,False
59,0.25222820800263435,0.2567645840026671,False
59,0.2540155419992516,0.25815679199877195,False
60,0.2556863339996198,0.25647762500011595,False
60,0.25467258299613604,0.25659962499776157,False
61,0.25861279100354295,0.26388100000622217,False
61,0.26723287499771686,0.25451533299928997,False
62,0.25926899999467423,0.2589436670023133,False
62,0.2586261670003296,0.25872045799769694,False
63,0.2537932919949526,0.25776416699955007,False
63,0.2544250419960008,0.25453416600066703,False
64,0.28022312500252156,0.2762501670003985,False
64,0.2565174580013263,0.2573829159955494,False
65,0.2558289579974371,0.26041308300045785,False
65,0.25650637499347795,0.26681454200297594,False
66,0.2634931249995134,0.2693538749954314,False
66,0.3194015000044601,0.3472979159996612,False
67,0.2618462910031667,0.2605941250003525,False
67,0.2563386659967364,0.26699250000092434,False
68,0.2613687499979278,0.25681812500261003,False
68,0.2556500840000808,0.2587893329982762,False
69,0.2592653749961755,0.25581641600001603,False
69,0.2535451660005492,0.2600847089997842,False
70,0.2527842499985127,0.2602553340038867,False
70,0.25475537499733036,0.2566169159981655,False
71,0.256195874993864,0.2564806249938556,False
71,0.25529595900297863,0.2555089160014177,False
72,0.256937125006516,0.2565429999958724,False
72,0.2705909169962979,0.2556932079969556,False
73,0.25541104200237896,0.2558255409967387,False
73,0.2626758339974913,0.25647824999759905,False
74,0.25983766699937405,0.2580792919980013,False
74,0.260009750003519,0.25682791699364316,False
75,0.25616454199916916,0.2573936250046245,False
75,0.2563088750030147,0.2551728750040638,False
76,0.25740275000134716,0.2702119999958086,False
76,0.2593317500068224,0.25599658300052397,False
77,0.31059745799575467,0.25563304199749837,False
77,0.25277404200460296,0.2566287919980823,False
78,0.25577729199721944,0.25689854100346565,False
78,0.31052462499792455,0.2708797920058714,False
79,0.2673971249969327,0.26528408299782313,False
79,0.2648221659983392,0.25869849999435246,False
80,0.2559236249944661,0.2583540410050773,False
80,0.25672941700031515,0.26370229099848075,False
81,0.28671570900041843,0.28573516700271284,False
81,0.2992709169993759,0.2739575000014156,False
82,0.3158138750004582,0.30788024999492336,False
82,0.2627898749997257,0.2750319170008879,False
83,0.261024916995666,0.284172291001596,False
83,0.27768645800097147,0.26131120799982455,False
84,0.2834188330016332,0.26254116599739064,False
84,0.26329462500143563,0.2658454170014011,False
85,0.26303137500508456,0.25651166600437136,False
85,0.25832345800154144,0.26101070800359594,False
86,0.2581330000029993,0.25909979199786903,False
86,0.2597090420022141,0.26208649999898626,False
87,0.2573590000029071,0.26438687500194646,False
87,0.2843847080002888,0.2611292920046253,False
88,0.2649912909982959,0.25877775000117254,False
88,0.2596245419990737,0.3280211249948479,False
89,0.26003900000068825,0.26717412500147475,False
89,0.2610597079983563,0.28923624999879394,False
90,0.2655263330016169,0.2596006669991766,False
90,0.2807532919978257,0.2574666669970611,False
91,0.258534917003999,0.25592362500174204,False
91,0.2524878330004867,0.2561299590015551,False
92,0.2537628330028383,0.2666013749985723,False
92,0.2565391659954912,0.26138924999395385,False
93,0.27610537500004284,0.2593464999954449,False
93,0.2680103750026319,0.25886229099705815,False
94,0.2686503749937401,0.2582548329955898,False
94,0.25556574999791337,0.26088912499835715,False
95,0.26534791700396454,0.2583549580012914,False
95,0.2663771670049755,0.2594728329931968,False
96,0.257821667000826,0.2559681660059141,False
96,0.293113749998156,0.26362329199764645,False
97,0.2735502080031438,0.2631945419998374,False
97,0.2673414159944514,0.2606370830035303,False
98,0.260844916003407,0.25915570800134446,False
98,0.25618383300025016,0.2601804999940214,False
99,0.26867350000247825,0.2596282499944209,False
99,0.27045520799583755,0.3528452919999836,False
100,0.27450070799386594,0.2567923329988844,False
100,0.27386220799962757,0.25762845799908973,False
101,0.27128691699908813,0.2576139999946463,False
101,0.2615059169984306,0.25646941699960735,False
102,0.2543251249953755,0.25700062500254717,False
102,0.25993287500023143,0.2617406670033233,False
103,0.26789229199494,0.25798291700630216,False
103,0.2582180419994984,0.26048308399913367,False
104,0.27221308300067903,0.25691154199739685,False
104,0.2721695830041426,0.25703879199863877,False
105,0.26299845899484353,0.2578940829989733,False
105,0.2568394170011743,0.25741650000418304,False
106,0.2690442500024801,0.2580247500009136,False
106,0.25337108300300315,0.2576409590037656,False
107,0.2535562499979278,0.2578684170002816,False
107,0.25708887499786215,0.2575975829968229,False
108,0.25654437499906635,0.2581689170037862,False
108,0.25231308300135424,0.25745358399581164,False
109,0.2544094999975641,0.26027566600532737,False
109,0.25622645799739985,0.2573174999997718,False
110,0.2595661659943289,0.2583694999993895,False
110,0.2529440829966916,0.2577189170042402,False
111,0.2557126669998979,0.25786404099926585,False
111,0.26814433300023666,0.2567806669976562,False
112,0.27007050000247546,0.25692187499953434,False
112,0.26623845900030574,0.25689670800056774,False
113,0.25349691600422375,0.25755562499398366,False
113,0.26154062500427244,0.25771995799732395,False
114,0.2655562079962692,0.2573349170052097,False
114,0.256399790996511,0.2573903749944293,False
115,0.26497379200009163,0.2578030000004219,False
115,0.2595924580018618,0.2601043749964447,False
116,0.25629641600244213,0.2572260829983861,False
116,0.2569907910001348,0.25737787500111153,False
117,0.25532962499710266,0.2577530830021715,False
117,0.2533707080001477,0.25670212499971967,False
118,0.25430149999738205,0.2570015000019339,False
118,0.2540400829966529,0.25770487500267336,False
119,0.2605608750018291,0.25751908300298965,False
119,0.2516384169939556,0.2578750829998171,False
120,0.25283008399856044,0.25736124999821186,False
120,0.2602988330036169,0.2579474590020254,False
121,0.2652252500047325,0.25753266700485256,False
121,0.2518909589998657,0.25833220800268464,False
122,0.26689804199850187,0.257730833000096,False
122,0.26307412500318605,0.25761599999532336,False
123,0.2960983329976443,0.25755799999751616,False
123,0.25595091699506156,0.25873920799494954,False
124,0.26753337500122143,0.25884054099878995,False
124,0.25177395900391275,0.25794487499661045,False
125,0.2677669999975478,0.25735933300165925,False
125,0.26927316700312076,0.2578184170051827,False
126,0.2589529999968363,0.25764441700448515,False
126,0.2562012920025154,0.2583555829987745,False
127,0.2565098749983008,0.25754037499427795,False
127,0.25305274999846006,0.2573822080012178,False
128,0.27033600000140723,0.2576153339978191,False
128,0.258749832995818,0.2579944999961299,False
129,0.2541512910029269,0.2579521250008838,False
129,0.2532073330003186,0.3230604999989737,False
130,0.2599508749990491,0.2575228329951642,False
130,0.2772457500032033,0.25758945800043875,False
131,0.2708424579977873,0.2576179589959793,False
131,0.255331041997124,0.2578942089967313,False
132,0.2620092920042225,0.2580376249970868,False
132,0.2758566670017899,0.2578088339942042,False
133,0.25120708299800754,0.25827337500231806,False
133,0.25837379100266844,0.2576828329983982,False
134,0.25959891700040316,0.25812841700098943,False
134,0.25546929199481383,0.25791770900104893,False
135,0.2530684579978697,0.2579851670016069,False
135,0.2837143329961691,0.25878087500313995,False
136,0.2600795409962302,0.2584902079979656,False
136,0.256680165999569,0.2581467080017319,False
137,0.25412129199685296,0.2590794999996433,False
137,0.27327512500050943,0.2578128339955583,False
138,0.2514375419996213,0.25802808300068136,False
138,0.2617723749935976,0.2709420829996816,False
139,0.2633560419999412,0.25994400000490714,False
139,0.25175433399999747,0.2566249589945073,False
140,0.2633212500004447,0.25746724999771686,False
140,0.25038054100150475,0.25764641600108007,False
141,0.26851258300303016,0.2581164580042241,False
141,0.2582635420039878,0.2577535830059787,False
142,0.25301654200302437,0.2578387909961748,False
142,0.2530931670044083,0.25773587499861605,False
143,0.2680335839977488,0.25844674999825656,False
143,0.26231845800066367,0.25759066700265976,False
144,0.2568982500015409,0.2578221250005299,False
144,0.26791845799743896,0.25821641700167675,False
145,0.2698166249974747,0.25754616600170266,False
145,0.2560458340012701,0.2590948750003008,False
146,0.26073558400094043,0.2587065830011852,False
146,0.259143708004558,0.25901808299386175,False
147,0.2543420000001788,0.2567525830017985,False
147,0.2583818330022041,0.2569640419969801,False
148,0.2558383329960634,0.25752504100091755,False
148,0.2682352499978151,0.2575315420035622,False
149,0.2700512079973123,0.2599639580002986,False
149,0.270574582995323,0.2645084589967155,False
150,0.25525416600430617,0.27063020799687365,False
150,0.306415790997562,0.26072683300299104,False
151,0.27913620800245553,0.2643270830012625,False
151,0.2614992080052616,0.2633209589985199,False
152,0.2612204170000041,0.26563091600110056,False
152,0.268666125004529,0.26519412500056205,False
153,0.268341834002058,0.26473704099771567,False
153,0.25552316699759103,0.2650532080006087,False
154,0.27997333299572347,0.26083441600349033,False
154,0.26240233299904503,0.26499129200237803,False
155,0.28679325000121025,0.2630028330022469,False
155,0.25923079199856147,0.26190983400010737,False
156,0.2681775419987389,0.2608171659958316,False
156,0.26926766600081464,0.25998475000233157,False
157,0.25454666699806694,0.27528245800203877,False
157,0.3575329579980462,0.2645778750011232,False
158,0.3673137500009034,0.26496033399598673,False
158,0.283327624994854,0.327952917003131,False
159,0.2969375839966233,0.27915158300311305,False
159,0.2674455000014859,0.2652349170020898,False
160,0.272094832995208,0.2616628750038217,False
160,0.3028050409993739,0.26020429199706996,False
161,0.2610086249987944,0.2614534169988474,False
161,0.32723554100084584,0.26452741699904436,False
162,0.34489754200330935,0.2610410420020344,False
162,0.2614547089979169,0.2612722079938976,False
163,0.25360879200161435,0.26134724999428727,False
163,0.26162320799630834,0.2610950829985086,False
164,0.25553541599947494,0.26306250000197906,False
164,0.2586732089985162,0.2606656669959193,False
165,0.26387220800097566,0.2604501669993624,False
165,0.25683370800106786,0.2609789170019212,False
166,0.2617930830019759,0.2610502089955844,False
166,0.3787193749958533,0.26057708299777005,False
167,0.2548947079994832,0.26036220799869625,False
167,0.2794591250058147,0.26074720900214743,False
168,0.27524650000123074,0.2599182089979877,False
168,0.2530756249980186,0.26075816699449206,False
169,0.2575815829986823,0.259904042002745,False
169,0.2745514580019517,0.2649629579973407,False
170,0.31544079200102715,0.26577433399506845,False
170,0.30219608300103573,0.26167591600096785,False
171,0.28116687500005355,0.2647810829948867,False
171,0.2592302089979057,0.26089437500195345,False
172,0.26677974999620346,0.2610319170053117,False
172,0.2551409999941825,0.2657893330033403,False
173,0.25760108399845194,0.2610641250066692,False
173,0.25453112499963026,0.26459858400630765,False
174,0.28452154199476354,0.26256766699953005,False
174,0.3146405829975265,0.26784525000402937,False
175,0.3164946670003701,0.26916379099566257,False
175,0.28237366600660607,0.27318679200107,False
176,0.28370670799631625,0.302298750000773,False
176,0.28351541699521476,0.2621688329963945,False
177,0.2779247500002384,0.2687207499984652,False
177,0.2970449170024949,0.2718726249950123,False
178,0.261949875006394,0.26353670800017426,False
178,0.2658322080023936,0.2708114159977413,False
179,0.29267216700100107,0.26857483299681917,False
179,0.300397332997818,0.2706164170012926,False
180,0.285613749998447,0.27655612499802373,False
180,0.2610193749933387,0.2720265419993666,False
181,0.27226441699895076,0.2978665420014295,False
181,0.2936197499948321,0.26114158400014276,False
182,0.26297529200382996,0.2625845830043545,False
182,0.25831662499695085,0.28264150000177324,False
183,0.28039287499996135,0.3102011669980129,False
183,0.29231670899753226,0.2625482910007122,False
184,0.28438620799715864,0.26475570799811976,False
184,0.27758033399732085,0.2634851670009084,False
185,0.31238454199774424,0.2630478330029291,False
185,0.30499499999859836,0.2790598339997814,False
186,0.2827257090029889,0.29595708399574505,False
186,0.2790932919961051,0.3402208339975914,False
187,0.31768204100080766,0.2680315839970717,False
187,0.2772925410026801,0.28334604099654825,False
188,0.28100854200602043,0.2670308750020922,False
188,0.3427181250008289,0.2944297080030083,False
189,0.2699576250015525,0.2651404580028611,False
189,0.27084495799499564,0.2732770000002347,False
190,0.2826038330022129,0.3752217919973191,False
190,0.3932411659989157,0.28936329200223554,False
191,0.28657191699312534,0.2711310000013327,False
191,0.2922331250010757,0.2630350420004106,False
192,0.25852162500086706,0.30664933400112204,False
192,0.29009837500052527,0.2760092499956954,False
193,0.26733304200024577,0.37751187499816297,False
193,0.2822657079959754,0.2635672090036678,False
194,0.32768550000037067,0.2640967080005794,False
194,0.2583559580016299,0.27218524999625515,False
195,0.34061533299973235,0.281623209004465,False
195,0.34904654199635843,0.3256119579964434,False
196,0.2993664160021581,0.28446245799568715,False
196,0.28146554099657806,0.27352520800195634,False
197,0.2816781660003471,0.2668425000010757,False
197,0.3226597499960917,0.2744955000016489,False
198,0.31422933300200384,0.2622094999969704,False
198,0.26084529199579265,0.26366883300215704,False
199,0.3939931670029182,0.2635281249968102,False
199,0.26654937499552034,0.27010045800125226,False
200,0.4081881660022191,0.2646704590006266,False
200,0.27327366700046696,0.2852308340006857,False
201,0.2615955419969396,0.26652787499915576,False
201,0.37161333299445687,0.26759066699742107,False
202,0.3308862499980023,0.2683349590006401,False
202,0.32057554199855076,0.276961208001012,False
203,0.2631972920062253,0.28765191600541584,False
203,0.3090360000060173,0.2770299170006183,False
204,0.2735965000028955,0.2697836669976823,False
204,0.2691427499958081,0.27949891699972795,False
205,0.2654252499996801,0.28096854199975496,False
205,0.33425058399734553,0.33931054200365907,False
206,0.3041859170043608,0.2645178339953418,False
206,0.2801951250003185,0.2667749160027597,False
207,0.3341831670040847,0.281997042002331,False
207,0.2775642079941463,0.2702347920057946,False
208,0.29081933300039964,0.26366637500177603,False
208,0.26449699999648146,0.26352941599907354,False
209,0.25449437500356,0.264682624998386,False
209,0.2977669999963837,0.26324420900346013,False
210,0.2751137090017437,0.26660637500026496,False
210,0.26203608300420456,0.2656502919999184,False
211,0.26828883300186135,0.26741108300484484,False
211,0.2664715829960187,0.2634280829952331,False
212,0.27333925000129966,0.2698804169995128,False
212,0.26545454200095264,0.26919241699943086,False
213,0.27041120800276985,0.27005570799519774,False
213,0.2612559999979567,0.26379683399864007,False
214,0.33353216700197663,0.2642462079966208,False
214,0.2638900840029237,0.2680485000018962,False
215,0.27735887500602985,0.2648337919963524,False
215,0.2597217080037808,0.26331766600196715,False
216,0.2835762920003617,0.2748236249972251,False
216,0.266331833001459,0.26532174999738345,False
217,0.26035879099799786,0.2671161670004949,False
217,0.25627712500136113,0.26770454199868254,False
218,0.2651334170004702,0.264005332996021,False
218,0.2572231250014738,0.266564790996199,False
219,0.2674920839999686,0.2670369999977993,False
219,0.25359845899947686,0.26909120799973607,False
220,0.36461050000070827,0.2645875829985016,False
220,0.2636329590022797,0.2647651249935734,False
221,0.27999258300405927,0.26621041700127535,False
221,0.2688536249988829,0.2658261249962379,False
222,0.27486120899993693,0.2680888750037411,False
222,0.25630029100284446,0.2683905000012601,False
223,0.33406891699996777,0.26585133300250163,False
223,0.2690519999960088,0.2630954999985988,False
224,0.27386787500290666,0.26551358299911954,False
224,0.26392612499330426,0.2650700840022182,False
225,0.2913543329996173,0.2675002090036287,False
225,0.25964120800199453,0.2643206659995485,False
226,0.3280029160014237,0.2635469579981873,False
226,0.34649862500373274,0.26556512500246754,False
227,0.30657629100460326,0.2639188329994795,False
227,0.29808154099737294,0.2649955000015325,False
228,0.26868541699514026,0.26423037499625934,False
228,0.2717345839992049,0.2652202090030187,False
229,0.2632022079997114,0.26552149999770336,False
229,0.25916683300602017,0.2684186669939663,False
230,0.2563149580018944,0.2655767079995712,False
230,0.29145162500208244,0.271523374998651,False
231,0.3276054169982672,0.26368608299526386,False
231,0.2585004159991513,0.2648975839983905,False
232,0.30810899999778485,0.2674867089954205,False
232,0.25794879199384013,0.26481491600134177,False
233,0.26207604099909076,0.26698045800003456,False
233,0.27013425000041025,0.2646232080005575,False
234,0.25542379199760035,0.2654059580017929,False
234,0.2580620419976185,0.26554495799791766,False
235,0.2592764170040027,0.26516895899840165,False
235,0.2674215419974644,0.26918616599868983,False
236,0.3521268330005114,0.266121499997098,False
236,0.2737410830013687,0.26497583300078986,False
237,0.2544328750009299,0.2663381670063245,False
237,0.2598830420029117,0.2679737500002375,False
238,0.2592788339970866,0.26881924999906914,False
238,0.25452375000168104,0.2651172920013778,False
239,0.41068512499623466,0.2653329160020803,False
239,0.2565005420037778,0.26720266600023024,False
240,0.25713279099727515,0.26763362500059884,False
240,0.3092892920030863,0.2666158339998219,False
241,0.3170828750007786,0.26830995800264645,False
241,0.2533567499995115,0.266889334001462,False
242,0.2586405410038424,0.26479345800180454,False
242,0.25493941699824063,0.2659227500043926,False
243,0.2607537500007311,0.26635874999919906,False
243,0.2902301670037559,0.2651063749945024,False
244,0.28979212500416907,0.2693874999968102,False
244,0.2578253749961732,0.26577762499800883,False
245,0.2585994999972172,0.26511775000108173,False
245,0.3024842499944498,0.266219541997998,False
246,0.2572062909966917,0.2704257079967647,False
246,0.27668699999776436,0.2668776659993455,False
247,0.26893870800267905,0.26733354099997086,False
247,0.26440670900046825,0.26919345799979055,False
248,0.2826876249964698,0.26522995800041826,False
248,0.3587877909958479,0.26657637499738485,False
249,0.4591392500005895,0.26764920799905667,False
249,0.325518750003539,0.2687015830015298,False
250,0.2654834579952876,0.27879683400533395,False
250,0.2978352080026525,0.2665666249959031,False
251,0.2555451250009355,0.2677915409949492,False
251,0.3210616249998566,0.27120845800527604,False
252,0.2840189580019796,0.27092854200600414,False
252,0.2540625409965287,0.26805116700415965,False
253,0.26561287499498576,0.2656086659990251,False
253,0.2702209999988554,0.2652858750006999,False
254,0.38325279200216755,0.26787529200373683,False
254,0.2697884579974925,0.27048287499928847,False
255,0.6019384160026675,0.26950412500445964,False
255,0.2678285000001779,0.2767903749991092,False
256,0.2702532089970191,0.26848520900239237,False
256,0.35960845799854724,0.26797912499750964,False
257,0.26443100000324193,0.26817841599404346,False
257,0.2640834170015296,0.26664591699955054,False
258,0.2922622499972931,0.2656264580000425,False
258,0.2579122500028461,0.2686952910007676,False
259,0.2736990830017021,0.26524583399441326,False
259,0.43568804100505076,0.2671512089946191,False
260,0.2661432919994695,0.26587462500174297,False
260,0.26902229199913563,0.2846825830056332,False
261,0.32250962499529123,0.2698382499947911,False
261,0.2765923330007354,0.28784224999981234,False
262,0.3198178749953513,0.2898191249987576,False
262,0.26834858300571796,0.2660124590038322,False
263,0.26491458300006343,0.26584029099467443,False
263,0.30668916699505644,0.27087079099874245,False
264,0.33583987499878276,0.2784797919957782,False
264,0.26115958399896044,0.2727461670001503,False
265,0.3255377080058679,0.26892429099825677,False
265,0.3583209169955808,0.27911620899976697,False
266,0.2994286659959471,0.2677972080055042,False
266,0.3456936250004219,0.2736747090020799,False
267,0.26804108399664983,0.2743345830022008,False
267,0.28020870799809927,0.2699808750039665,False
268,0.29049099999974715,0.27029549999861047,False
268,0.2635527499951422,0.279171292000683,False
269,0.2733365829990362,0.2726846250006929,False
269,0.30068533300072886,0.2716308749950258,False
270,0.3316937499985215,0.30202258299686946,False
270,0.30808533300296403,0.286844457994448,False
271,0.3102931670000544,0.2758854159983457,False
271,0.2648914160017739,0.26830208300089,False
272,0.29113387500547105,0.3820057079938124,False
272,0.34350116600398906,0.27402395800163504,False
273,0.30450229100097204,0.2716658749995986,False
273,0.2598230000003241,0.26886124999873573,False
274,0.3099677919963142,0.2755269170011161,False
274,0.35879762500553625,0.26885445800144225,False
275,0.2787888750026468,0.2761601669990341,False
275,0.2844058330010739,0.28034158299851697,False
276,0.2863958750021993,0.26821429200208513,False
276,0.25800616699416423,0.2696471669987659,False
277,0.29131325000344077,0.2753483749984298,False
277,0.27031458300189115,0.26829212499433197,False
278,0.2558447499977774,0.2691677500042715,False
278,0.2787826670028153,0.2665291250013979,False
279,0.25860329200077103,0.2672306660024333,False
279,0.2997841249962221,0.2663011250042473,False
280,0.29828091699891957,0.26713395900151227,False
280,0.26199170800100546,0.26770575000409735,False
281,0.2706731670041336,0.2683210830000462,False
281,0.5173937920044409,0.27081524999812245,False
282,0.27311066599941114,0.2714632079951116,False
282,0.43984445899695856,0.2701454999987618,False
283,0.3628690000041388,0.2710305829969002,False
283,0.27937625000049593,0.26870166700246045,False
284,0.2990358329989249,0.2694106670023757,False
284,0.2680957920019864,0.26713616699998965,False
285,0.6030899589968612,0.29047683400131064,False
285,0.4393445839959895,0.3006989999994403,False
286,0.2548544169985689,0.2725053329995717,False
286,0.2556924579985207,0.2728994170029182,False
287,0.2617731670034118,0.2756816249966505,False
287,0.3128975409999839,0.26857025000208523,False
288,0.3381775000016205,0.27936174999922514,False
288,0.2771605410016491,0.2984386669995729,False
289,0.27423158299643546,0.27094579199911095,False
289,0.2714339590020245,0.27224512500106357,False
290,0.277325250004651,0.27021958300611004,False
290,0.2662267499981681,0.2727382499942905,False
291,0.26696116699895356,0.26791400000365684,False
291,0.31220837499859044,0.2709091249998892,False
292,0.3274087919999147,0.2707692080002744,False
292,0.30838529199536424,0.2680504169984488,False
293,0.2588861249969341,0.2686660839972319,False
293,0.2979381250042934,0.2681570419954369,False
294,0.25410474999807775,0.32967283300240524,False
294,0.28736100000242004,0.2719842910009902,False
295,0.3044895409984747,0.2720458330004476,False
295,0.349156917000073,0.2772614580026129,False
296,0.3708057080002618,0.28407524999784073,False
296,0.27226587499899324,0.2830491249987972,False
297,0.47264745899883565,0.2671830420003971,False
297,0.2692665419963305,0.2970710000008694,False
298,0.3346030839966261,0.28756329099996947,False
298,0.481337541998073,0.28975666699989233,False
299,0.2927440839994233,0.2704108750040177,False
299,0.4152903750000405,0.30565774999558926,False
300,0.32114379099948565,0.2780186249947292,False
300,0.3071349169986206,0.27773479200550355,False
301,0.35712291600066237,0.2722668749993318,False
301,0.5178721669944935,0.28240116700180806,False
302,0.2818532919991412,0.28284437500406057,False
302,0.3018264169950271,0.27035179100494133,False
303,0.311356040998362,0.2779047910007648,False
303,0.4373869580012979,0.2991562499955762,False
304,0.2717075830005342,0.2732967080009985,False
304,0.3472899580010562,0.2733838749991264,False
305,0.2752170839958126,0.2725260840015835,False
305,0.2872343330018339,0.2756355000019539,False
306,0.27667645800102036,0.28204387499863515,False
306,0.2544770000022254,0.28957004199764924,False
307,0.3222308750046068,0.29670462499780115,False
307,0.3855649999968591,0.2934313329969882,False
308,0.2749894999942626,0.35275991600065026,False
308,0.2862221250034054,0.28617733400460565,False
309,0.27327033299661707,0.2842377499982831,False
309,0.32176624999556225,0.2808488749942626,False
310,0.29367345799983013,0.2718512909996207,False
310,0.3231064160063397,0.2876391249956214,False
311,0.3540607920003822,0.2875560839966056,False
311,0.5490562080012751,0.2823711659948458,False
312,0.27575549999892246,0.27026412499981234,False
312,0.36542208299943013,0.27522283299913397,False
313,0.2920497500017518,0.27040137499716366,False
313,0.31404550000297604,0.27239141699828906,False
314,0.3257729169999948,0.2695816669947817,False
314,0.38883075000194367,0.2689803329994902,False
315,0.29100320900033694,0.2702226659966982,False
315,0.25964845799899194,0.2696235000039451,False
316,0.3046999579964904,0.2727452920007636,False
316,0.267081625002902,0.2692620829984662,False
317,0.254053707998537,0.2695085419982206,False
317,0.2623308749971329,0.2691197079984704,False
318,0.34392983299767366,0.2761196670035133,False
318,0.263526875001844,0.2694580839961418,False
319,0.3226208750056685,0.27199470800405834,False
319,0.3285918749970733,0.2691877920005936,False
320,0.3225537090038415,0.2691536249985802,False
320,0.26952954200532986,0.26971562500693835,False
321,0.5413002920031431,0.2685866249958053,False
321,0.39430291700409725,0.2683457500024815,False
322,0.2691716249973979,0.2694960840017302,False
322,0.28290375000506174,0.27980962499714224,False
323,0.3083847909947508,0.277551790997677,False
323,0.48353133300406625,0.2692402079992462,False
324,0.31489395799872,0.2694435000012163,False
324,0.299175500003912,0.27002058300422505,False
325,0.2648490830033552,0.2858871659991564,False
325,0.35530304099665955,0.29978208299871767,False
326,0.2704698749948875,0.27002741700562183,False
326,0.2633219999988796,0.2814795829981449,False
327,0.26716483399650315,0.2694231670029694,False
327,0.2709715410019271,0.2722231249936158,False
328,0.364179709002201,0.2706164170012926,False
328,0.27117883400205756,0.2710409159990377,False
329,0.29430662500089966,0.27012045799347106,False
329,0.2693219159991713,0.2694072500016773,False
330,0.2552494170013233,0.27123995799775,False
330,0.293881457997486,0.27346483300061664,False
331,0.26206433300103527,0.2700717089974205,False
331,0.2633530419989256,0.27006512499792734,False
332,0.26866812499793014,0.294418166995456,False
332,0.30133933299657656,0.30369408299884526,False
333,0.2983424999983981,0.2742181250068825,False
333,0.2633191249988158,0.27306887499435106,False
334,0.31738537499768427,0.27639887500117766,False
334,0.2857865829937509,0.26896104099432705,False
335,0.25269691699941177,0.27196666700183414,False
335,0.3239923329965677,0.2779671669995878,False
336,0.26473583400365897,0.2716814169980353,False
336,0.2699042080057552,0.2714161249969038,False
337,0.3507677919988055,0.2711492079979507,False
337,0.29619575000106124,0.27608300000429153,False
338,0.3265417080037878,0.28628233299968997,False
338,0.31622316700668307,0.2788434169997345,False
339,0.3090890829989803,0.27925354100443656,False
339,0.33551929199893493,0.27611358300055144,False
340,0.26350558300327975,0.2739316660008626,False
340,0.2966697079973528,0.272565166997083,False
341,0.256320708002022,0.2737880420027068,False
341,0.2558406250027474,0.27313149999827147,False
342,0.29407604199514026,0.2716075830030604,False
342,0.353654041995469,0.28725979199953144,False
343,0.2719077920046402,0.27272145800088765,False
343,0.3117229999988922,0.28285174999473384,False
344,0.2568069999979343,0.2774553749986808,False
344,0.3962227080046432,0.27585620899481,False
345,0.3533167499990668,0.2768849999993108,False
345,0.2679474160031532,0.2726681659987662,False
346,0.30477600000449456,0.2750788330013165,False
346,0.2553159169983701,0.27358158299466595,False
347,0.3033430840005167,0.274531000002753,False
347,0.2779947499948321,0.2772622499978752,False
348,0.2540294999998878,0.27296579199901316,False
348,0.3253563749967725,0.2768204170060926,False
349,0.31134325000311946,0.2766564580015256,False
349,0.2776840410006116,0.2747007079960895,False
350,0.25545162500202423,0.2779377080005361,False
350,0.2996277909987839,0.27017850000265753,False
351,0.26349429200490704,0.27055983299942454,False
351,0.3108337500016205,0.2699358750032843,False
352,0.34634695800195914,0.2795340410011704,False
352,0.3666924580029445,0.2829952090032748,False
353,0.2740559580051922,0.27127350000228034,False
353,0.30420337499526795,0.27172758300002897,False
354,0.2549612500006333,0.2716421660006745,False
354,0.31303795799613,0.2702839590056101,False
355,0.3217430829972727,0.2714847499955795,False
355,0.26962066600390244,0.2705866249962128,False
356,0.27024691700353287,0.2720820829999866,False
356,0.26928358300210675,0.2839780839931336,False
357,0.2962854170036735,0.2718673330018646,False
357,0.36064699999406,0.2726119170038146,False
358,0.27617212499899324,0.2712708749968442,False
358,0.2544822909985669,0.27224608300457476,False
359,0.34274991599522764,0.2712143329990795,False
359,0.25359658299566945,0.2706817080033943,False
360,0.28559566699550487,0.2718457090013544,False
360,0.27376162500149803,0.2703232499989099,False
361,0.25467466699774377,0.276375667002867,False
361,0.42181745899870293,0.27336424999521114,False
362,0.2730934170031105,0.27108120799675817,False
362,0.2649391250015469,0.2712639160017716,False
363,0.2746300830040127,0.27138299999933224,False
363,0.2778708750047372,0.27108704200509237,False
364,0.28328337499988265,0.27147591700486373,False
364,0.2662722919994849,0.2711164159991313,False
365,0.3037060830029077,0.28866945800109534,False
365,0.29182333299831953,0.29996899999969173,False
366,0.38930245799565455,0.28009812500386033,False
366,0.2934259169996949,0.3090722499982803,False
367,0.29273916699457914,0.2734951250022277,False
367,0.2971209169991198,0.27249979200132657,False
368,0.255712083002436,0.2724943749999511,False
368,0.3006630000018049,0.309829500001797,False
369,0.43449258300097426,0.2798697499965783,False
369,0.35703975000069477,0.28341141599958064,False
370,0.2966656670032535,0.29876541700650705,False
370,0.25929487500252435,0.2772266669999226,False
371,1.0041487910057185,0.30471254200529074,True
371,0.32796454100025585,0.27568220799730625,False
372,0.3167457090021344,0.271241333000944,False
372,0.438124374995823,0.2716923330008285,False
373,0.2976104999979725,0.27161183299904224,False
373,0.39697191700543044,0.27344383300078334,False
374,0.25408062499627704,0.27211483299470274,False
374,0.27663283300353214,0.27387141700455686,False
375,0.2652089999974123,0.27149262499733595,False
375,0.26597229199978756,0.27271612500044284,False
376,0.253551708003215,0.2716370000052848,False
376,0.3474352919947705,0.27338595900073415,False
377,0.3581999580055708,0.2772714579987223,False
377,0.2829674159947899,0.27861470799689414,False
378,0.26470149999659043,0.27900229200167814,False
378,0.3293161670007976,0.27440062499954365,False
379,0.2813570419966709,0.2733470419989317,False
379,0.39355966600123793,0.2739981250051642,False
380,0.25662283299607225,0.3540755420035566,False
380,0.27662470799987204,0.2740672910003923,False
381,0.26454800000647083,0.27056762499705656,False
381,0.2537613340027747,0.27111812499788357,False
382,0.5154757909986074,0.2903656670023338,False
382,0.45686933399701957,0.3507127499979106,False
383,0.2797629170017899,0.27725595900119515,False
383,0.2933957920031389,0.2770184170003631,False
384,0.30882191600539954,0.27176641700498294,False
384,0.2675483749990235,0.2728276249981718,False
385,0.42818741600058274,0.2748942500038538,False
385,0.2689083750010468,0.277257166999334,False
386,0.3105805830055033,0.27296804200159386,False
386,0.3256866669980809,0.28989370899944333,False
387,0.8550985830006539,0.27386820900574094,False
387,0.2593944170002942,0.27743024999654153,False
388,0.2567338340013521,0.27701900000101887,False
388,0.3311477500028559,0.2737429160042666,False
389,0.25559170799533604,0.2733992909998051,False
389,0.4244988749996992,0.27498362500045914,False
390,0.3686373750024359,0.2774292920003063,False
390,0.505020707998483,0.3215909999998985,False
391,0.669319667002128,0.3113300420009182,False
391,0.3058175830010441,0.27543020799930673,False
392,0.37614470799599076,0.28881804199772887,False
392,0.26721179200103506,0.27875570800097194,False
393,0.31296045899944147,0.30618287499964936,False
393,0.46871150000515627,0.3895227499961038,False
394,0.5272898330003954,0.28541695899912156,False
394,0.435264041996561,0.28265120899595786,False
395,0.2577000000019325,0.2754439580021426,False
395,0.405784542002948,0.3180469169965363,False
396,0.3258788329985691,0.2826297919964418,False
396,0.26258445799612673,0.2902678329992341,False
397,0.28100362500117626,0.2955158749973634,False
397,0.3600042920006672,0.2810972090010182,False
398,0.28213783299725037,0.2795765000046231,False
398,0.25753550000081304,0.27621254199766554,False
399,0.5574452500004554,0.27426054200623184,False
399,0.458107625003322,0.274673250001797,False
400,0.29598175000137417,0.29421295799693326,False
400,0.8070272500044666,0.2829907089981134,False
401,0.26511070800188463,0.3023089170019375,False
401,0.27408324999851175,0.28042195799935143,False
402,0.2929973330028588,0.2827319579955656,False
402,0.285794999996142,0.280489791999571,False
403,0.26101049999851966,0.27858041600120487,False
403,0.25575083299918333,0.2852103330005775,False
404,0.27184200000192504,0.2761097080001491,False
404,0.2979382089979481,0.2817994159995578,False
405,0.33748095899500186,0.27890445799857844,False
405,0.2728822079952806,0.2797403750009835,False
406,0.2896460410047439,0.2777665000030538,False
406,0.29336395900463685,0.2815430420014309,False
407,0.2574742500000866,0.2756667080029729,False
407,0.25936266699864063,0.27810916699672816,False
408,0.522084124997491,0.2774774579957011,False
408,0.2554042080009822,0.2749619590031216,False
409,0.25587754099979065,0.2872421249994659,False
409,0.2632126660028007,0.2830478339965339,False
410,0.36700274999748217,0.2757438330008881,False
410,0.2887298749992624,0.2817356250016019,False
411,0.40343625000241445,0.28695987499668263,False
411,0.26165491699794075,0.2781611669997801,False
412,0.2547443330040551,0.27831249999871943,False
412,0.2812252500007162,0.2806142089975765,False
413,0.2581002919978346,0.2768251669986057,False
413,0.4273109999994631,0.28060112499952083,False
414,0.25675520799995866,0.2769337089994224,False
414,0.3377714579983149,0.28878379199886695,False
415,0.2603449579983135,0.27872070799639914,False
415,0.2692440000028,0.28136712499690475,False
416,0.31023283299873583,0.278341791999992,False
416,0.311341957996774,0.27870716699544573,False
417,0.2987372499992489,0.2749233330032439,False
417,0.32253220900020096,0.27902108300622785,False
418,0.4664734160032822,0.28229916699638125,False
418,0.29758912500255974,0.28111416700267,False
419,0.29292370899929665,0.2773025000060443,False
419,0.3803857910024817,0.27771258400025545,False
420,0.9614437080017524,0.27767379200668074,False
420,0.2689637919975212,0.2755820410020533,False
421,0.30761283400352113,0.2808072080006241,False
421,0.36177012500411365,0.27883612499863375,False
422,0.28951799999776995,0.2750977499963483,False
422,1.0040938750025816,0.27503874999820255,True
423,0.313399708000361,0.276888416003203,False
423,0.28394658400065964,0.30119399999966845,False
424,0.26496645800216356,0.27616745900013484,False
424,0.3166525830019964,0.2862197089998517,False
425,0.27912374999868916,0.31713058299646946,False
425,0.2600148330020602,0.2754522499963059,False
426,0.28467774999444373,0.27864920900174184,False
426,0.28872054199746344,0.27651454199803993,False
427,0.2678540410051937,0.2754173749999609,False
427,0.27439883400074905,0.2931827919965144,False
428,0.29393887499463744,0.2863350000043283,False
428,0.27143537499796366,0.28313129199523246,False
429,0.6167043749956065,0.2854100000040489,False
429,0.40132074999564793,0.2909485839991248,False
430,0.3066746249969583,0.28351495799870463,False
430,0.27432929100177716,0.28042316600476624,False
431,0.2770195839984808,0.28262266600359,False
431,0.26490124999691034,0.2799384999962058,False
432,0.25888970899541164,0.27712879199680174,False
432,0.28521591699973214,0.2794428749984945,False
433,0.2886427910052589,0.27810070799750974,False
433,0.3252439579955535,0.2765120840049349,False
434,0.25869745800446253,0.2817239169962704,False
434,0.25877445899823215,0.27866733400151134,False
435,0.30183670800033724,0.2759675409979536,False
435,0.4208900419980637,0.27846683299867436,False
436,0.374605541001074,0.28227808300289325,False
436,0.29678312499891035,0.30527133300347487,False
437,0.3096872079986497,0.27702208400296513,False
437,0.3042544159980025,0.28078570799698355,False
438,0.2687119170004735,0.2760080410007504,False
438,0.2553881249987171,0.2747642909962451,False
439,0.2805203329990036,0.27626766599860275,False
439,0.6249145420006244,0.2767184999975143,False
440,0.31211945800168905,0.27621520799584687,False
440,0.29042254100204445,0.27793929100153036,False
441,0.2722259169968311,0.2885641660031979,False
441,0.44751912499486934,0.2778419170062989,False
442,0.27957366600458045,0.276695833003032,False
442,0.2597394999975222,0.2753136250030366,False
443,0.40823587499471614,0.2748585000008461,False
443,1.0040820830035955,0.2750147080005263,True
444,0.28477783300331794,0.27774337500159163,False
444,0.26938095899822656,0.27573950000078185,False
445,0.3514043329996639,0.2758322500012582,False
445,0.38957775000017136,0.27919275000022026,False
446,0.5568324579944601,0.27567966700007673,False
446,0.3367710000020452,0.2765716659996542,False
447,1.0046177080002963,0.2758927920003771,True
447,0.3208121249990654,0.2761698329995852,False
448,0.5272095409964095,0.27635683299740776,False
448,0.4069383329988341,0.27595012500387384,False
449,0.2701854170009028,0.2755119579960592,False
449,0.9889405840003747,0.2756901249958901,False
450,0.4316404999990482,0.2755025000005844,False
450,0.26999120799882803,0.27571495799929835,False
451,0.25358229199628113,0.2751219999991008,False
451,0.33957879100489663,0.2757757080034935,False
452,0.2704025420025573,0.27550000000337604,False
452,0.49790420799399726,0.275700958998641,False
453,0.2519744160017581,0.275557207998645,False
453,0.27505562500300584,0.2760946670023259,False
454,0.5616406249973807,0.2760147910012165,False
454,0.2521488330021384,0.2753697920052218,False
455,0.3934462920005899,0.27594283299549716,False
455,0.44841674999770476,0.27550800000608433,False
456,0.3175610000034794,0.27742095799476374,False
456,0.8680008329974953,0.27626512500137324,False
457,0.37130437499581603,0.27623708300234284,False
457,0.2557190419975086,0.2795947089980473,False
458,0.26991179100150475,0.2756972089991905,False
458,0.6865358750001178,0.275802999996813,False
459,0.25630016699869884,0.27671416600060184,False
459,0.4673791669993079,0.2814645830003428,False
460,0.2911264580034185,0.2869292920004227,False
460,0.25474420800310327,0.2793716250016587,False
461,0.29837845799920615,0.28674383299949113,False
461,0.2768679999935557,0.27761929099506233,False
462,0.25813662500149803,0.276612000001478,False
462,0.2721693750063423,0.27779616600309964,False
463,0.27268399999593385,0.2801406670041615,False
463,0.28920079100498697,0.2777147500019055,False
464,0.3370020420043147,0.28602412499458296,False
464,0.27556662500137463,0.281366541996249,False
465,0.581233583005087,0.278535749996081,False
465,0.2900197919952916,0.2827537500052131,False
466,0.2882249579997733,0.2858693329981179,False
466,0.27658099999825936,0.2778322499943897,False
467,1.0040452500034007,0.28328341700398596,True
467,0.33691970899963053,0.279113459000655,False
468,0.30982562500139466,0.2773485840007197,False
468,0.4019489159982186,0.2781136669946136,False
469,0.7046326659983606,0.27871295800287044,False
469,0.31730554200476035,0.2774918750001234,False
470,0.5268390420023934,0.2842472499978612,False
470,0.9205023329996038,0.2805328750037006,False
471,0.6765444170014234,0.30199425000319025,False
471,0.5304772919989773,0.34484674999839626,False
472,0.4416200419946108,0.28951033300108975,False
472,0.4524243749983725,0.2961345000003348,False
473,0.2822288329989533,0.2868976250028936,False
473,1.0041711250014487,0.2896051669958979,True
474,0.28846845799853327,0.28929258300195215,False
474,0.28620049999881303,0.2916082079973421,False
475,0.30906908299948554,0.2895615000015823,False
475,0.32186970800103154,0.291368500002136,False
476,0.35570783400180517,0.2877822499940521,False
476,0.5509360829964862,0.29691312499926426,False
477,0.29929658400214976,0.2916919589988538,False
477,0.5131775420013582,0.3023594159967615,False
478,0.9485488330028602,0.301050000001851,False
478,0.299275375000434,0.299584499996854,False
479,0.2895178750040941,0.3060420420006267,False
479,0.3753173329969286,0.3250012920034351,False
480,0.41545004100044025,0.27895250000437954,False
480,0.2914024170022458,0.2797944159974577,False
481,0.5062542919986299,0.278668375001871,False
481,0.3660080839981674,0.2784179160007625,False
482,0.5371799589993316,0.29049595900141867,False
482,0.8812619160016766,0.3109858749958221,False
483,0.5143566660044598,0.3092140410008142,False
483,0.4230004170021857,0.29456316599680576,False
484,0.5434793749955134,0.2946450840026955,False
484,0.43389237499650335,0.2971060830022907,False
485,0.3761224160043639,0.2975311249974766,False
485,0.27846975000284147,0.29629608299728716,False
486,0.33660004200646654,0.3053949579989421,False
486,0.3077761249951436,0.30331974999717204,False
487,0.37360829200042645,0.3155569579976145,False
487,0.2782749999969383,0.312190083997848,False
488,0.31221308300155215,0.32320637500379235,False
488,0.3003750419957214,0.29857512500166195,False
489,0.4857312919994001,0.28760979200160364,False
489,0.29924791600205936,0.28452624999772524,False
490,0.27344562499638414,0.2900843339957646,False
490,0.45896095899661304,0.28277066699956777,False
491,0.5553090410030563,0.28168558399920585,False
491,0.2570696249968023,0.2854744170035701,False
492,0.47878362499614013,0.2858046249966719,False
492,0.38011337500211084,0.300123666995205,False
493,0.5422937080002157,0.28411791600228753,False
493,0.4503583339974284,0.27934545899915975,False
494,0.2770996670005843,0.28005366700381273,False
494,0.44944908400066197,0.2775318749991129,False
495,0.3377095420000842,0.28174320900143357,False
495,0.2602973750035744,0.2776697500012233,False
496,0.25171525000041584,0.30143274999863934,False
496,0.32763420800620224,0.2874562919969321,False
497,0.29059066700574476,0.293385875003878,False
497,0.2635659579973435,0.2814102079937584,False
498,0.3220190419961,0.2781691249983851,False
498,0.2786825829971349,0.28435724999872036,False
499,0.4988279160024831,0.2919790000014473,False
499,0.25570008299837355,0.2805677090000245,False
500,0.4013287920024595,0.28025008399708895,False
500,0.2663727920007659,0.3054846250015544,False
501,0.4968370420028805,0.28956208300223807,False
501,0.3035094169972581,0.28751474999444326,False
502,0.7424791250014096,0.33749424999405164,False
502,0.508284083000035,0.2836975419995724,False
503,0.2598602090001805,0.2851940000036848,False
503,0.29216079199977685,0.2814254999975674,False
504,0.2777368329989258,0.28228437500365544,False
504,0.25495691700052703,0.2783786660002079,False
505,0.43636733300081687,0.28063045800081454,False
505,0.27565762500307756,0.28704079200542765,False
506,0.3900258329958888,0.283963458998187,False
506,0.4861324169978616,0.2833046669984469,False
507,0.25730587499856483,0.27995054199709557,False
507,0.27658808400155976,0.2793701249975129,False
508,0.4200334589986596,0.27932454099936876,False
508,0.25379570799850626,0.29588904100091895,False
509,0.591816457999812,0.27845095800148556,False
509,0.6451312499993946,0.27849437500117347,False
510,0.27419866600394016,0.27819841699965764,False
510,0.2506753749985364,0.27824724999663886,False
511,0.2565067910036305,0.27923362500587245,False
511,0.5844736670042039,0.28216087500186404,False
512,0.2614118750061607,0.2806087499993737,False
512,0.38764904100389685,0.2804820839955937,False
513,0.44005891700362554,0.27877091599657433,False
513,0.2740810830000555,0.28186845799791627,False
514,0.3436356249949313,0.2802947500022128,False
514,0.3884061249991646,0.2789621670017368,False
515,0.25786874999903375,0.2790450829998008,False
515,0.27667095799552044,0.28100895800162107,False
516,1.0041372919949936,0.280939334006689,True
516,0.5485095419935533,0.27893262499856064,False
517,0.2524677920009708,0.2790057089951006,False
517,0.47817387499526376,0.2810282089994871,False
518,0.40518087500095135,0.28444675000355346,False
518,1.0042907500028377,0.27767429200321203,True
519,0.28450604200043017,0.2836605420015985,False
519,0.3150864580020425,0.2839393750036834,False
520,0.3560845829997561,0.283670875003736,False
520,1.004501875002461,0.2831224170004134,True
521,0.44971283299673814,0.28306604200042784,False
521,0.319055792002473,0.28281041699665366,False
522,0.33709545800229535,0.2847846250006114,False
522,0.2599277080007596,0.28372837499773595,False
523,0.3979115420006565,0.28308545899926685,False
523,0.2522823330000392,0.2848727080054232,False
524,0.27662495899858186,0.2881652910000412,False
524,0.6272567909982172,0.2823017920018174,False
525,0.676724082994042,0.28066395899804775,False
525,0.40209875000437023,0.2783397090024664,False
526,0.4301169589962228,0.28418687500379747,False
526,0.492822125001112,0.2809651670031599,False
527,0.3038388330023736,0.2794780830008676,False
527,0.8860754169945722,0.2865447090007365,False
528,0.7039589999985765,0.2889727910005604,False
528,0.28276137499778997,0.28436475000489736,False
529,0.4469819579971954,0.2877267500007292,False
529,0.2780118329974357,0.28492191700206604,False
530,0.28891429099894594,0.28781500000332016,False
530,0.3671583340037614,0.28427554199879523,False
531,0.5566567079949891,0.29319725000095787,False
531,0.3171508330051438,0.29444362499634735,False
532,0.3587967919957009,0.2950764579945826,False
532,0.3750094999995781,0.2991540000002715,False
533,0.3599646670045331,0.2903652089953539,False
533,0.48641783299535746,0.2830594170009135,False
534,0.25982983299763873,0.2826500830051373,False
534,0.3084995000026538,0.2901112079998711,False
535,0.424291124996671,0.2805003749963362,False
535,0.41474208300496684,0.2973855000018375,False
536,0.5273705419967882,0.2855645830059075,False
536,0.329029749998881,0.28407304199936334,False
537,0.3672297920056735,0.28546758300217334,False
537,0.28334183300466975,0.282204291994276,False
538,0.7201411669957452,0.2808218339996529,False
538,0.5157301669969456,0.28063245900557376,False
539,0.3057551669990062,0.28437716699409066,False
539,0.30370108400529716,0.27977354200265836,False
540,0.280725499993423,0.2824073750016396,False
540,0.6327736250023008,0.2861340840026969,False
541,1.0039650420003454,0.2888627920037834,True
541,0.3427128330004052,0.2800603330033482,False
542,0.3651159579967498,0.2828091250048601,False
542,0.2564556249999441,0.2827045000012731,False
543,0.2571577500057174,0.2829648749975604,False
543,0.3131240419970709,0.28128874999674736,False
544,0.39676054200390354,0.2847778750001453,False
544,0.2697362500039162,0.28254733300127555,False
545,0.3259979590002331,0.2846795419973205,False
545,0.4251701250032056,0.2827926669997396,False
546,0.25589112500165356,0.28766620899841655,False
546,0.3039654580061324,0.28032891700422624,False
547,0.5990195420017699,0.2819105410017073,False
547,1.0040852499951143,0.280599791003624,True
548,0.260105499997735,0.281152083996858,False
548,0.2599059159983881,0.3000591669988353,False
549,0.37068395899405004,0.2837795000014012,False
549,0.3840422919965931,0.2827887079984066,False
550,0.3239575830011745,0.2813708750036312,False
550,0.2807256669984781,0.2853183339975658,False
551,0.28552345799835166,0.2813417080033105,False
551,0.2609970420016907,0.28689633299654815,False
552,0.25133358300081454,0.28098887499800185,False
552,0.41852895799820544,0.2945057090037153,False
553,0.26524020800570725,0.2823723749970668,False
553,0.367365707999852,0.28577904199482873,False
554,0.49744395799643826,0.29258424999716226,False
554,0.7923101249980391,0.30471220899926266,False
555,0.3301259169966215,0.28477258299972164,False
555,1.0042742500008899,0.29234658300265437,True
556,0.2595035840058699,0.28635833299631486,False
556,0.9038975840012426,0.28552124999987427,False
557,0.2777397500030929,0.2870113750032033,False
557,0.35345158400014043,0.2850629160020617,False
558,0.7330999159967178,0.2935270000016317,False
558,0.3025852909995592,0.2864408750028815,False
559,0.28462104199570604,0.2856145000041579,False
559,0.4288557079999009,0.294303917005891,False
560,0.45950850000372157,0.2841308749993914,False
560,0.5881028750009136,0.2832685409957776,False
561,0.2630662920055329,0.29072004199406365,False
561,0.8687283339968417,0.30525604099966586,False
562,0.2579075840039877,0.28685199999745237,False
562,0.28500058299687225,0.28734629200334894,False
563,0.3131312080004136,0.3544441249978263,False
563,0.31553908299974864,0.28633333399920957,False
564,0.7278771250057616,0.2880999159970088,False
564,0.7205589169971063,0.28778383300232235,False
565,0.5970162500016158,0.2915419170021778,False
565,0.2987386669992702,0.2920800829961081,False
566,0.3760321249937988,0.28650191699853167,False
566,0.25615845800348325,0.2857166670000879,False
567,0.5182133339985739,0.28492891699715983,False
567,0.43371408300299663,0.286841999994067,False
568,0.2594081659990479,0.2843128750027972,False
568,0.773843165996368,0.28290929200011306,False
569,0.3324198750051437,0.28232341699913377,False
569,1.0042346249974798,0.28312179199565435,True
570,0.30988300000171876,0.28876620800292585,False
570,0.5047252910007956,0.28349379199789837,False
571,0.47570137500588316,0.2836693749995902,False
571,0.4729275419958867,0.282924125000136,False
572,0.40021504199830815,0.2823283329998958,False
572,0.3635119590035174,0.28321574999426957,False
573,0.4860208340032841,0.2830210829997668,False
573,0.26493837499583606,0.28508208299899707,False
574,0.7319837079994613,0.2840940000023693,False
574,0.2561169999971753,0.2831244589979178,False
575,1.0045962920048623,0.2842303750003339,True
575,0.25508766699931584,0.28406695799640147,False
576,0.49195187500299653,0.28319674999511335,False
576,0.41940608299773885,0.28336879199923715,False
577,0.3076953339987085,0.28840750000381377,False
577,0.2846937920039636,0.29175587499776157,False
578,0.2840528339947923,0.28395979199558496,False
578,0.3610332919997745,0.288173333996383,False
579,0.44544049999967683,0.28485783300129697,False
579,0.2567147920053685,0.284142458003771,False
580,0.2556968749995576,0.28564345800259616,False
580,0.40086883299954934,0.2872861659998307,False
581,0.3705251249994035,0.2838465829991037,False
581,0.9112716669988004,0.2835068339991267,False
582,0.2835629999972298,0.2850381250027567,False
582,0.3065542499971343,0.2842456250000396,False
583,0.3379306670030928,0.28891616700275335,False
583,0.3984179589970154,0.2840487919966108,False
584,0.2805951250047656,0.28505691600003047,False
584,0.2811470829983591,0.28384775000449736,False
585,0.3827676250002696,0.28665566600102466,False
585,0.7857805410021683,0.2843053339965991,False
586,0.4974931250035297,0.2839937090029707,False
586,0.40064716600318206,0.3009051249973709,False
587,0.4078866250056308,0.31203079099941533,False
587,0.428905583001324,0.2899100840004394,False
588,0.8121455829968909,0.2888086670063785,False
588,0.3341581659988151,0.2847631670010742,False
589,1.0041721669986146,0.28861295800015796,True
589,0.45068966599501437,0.29714195799897425,False
590,0.5145928749989253,0.28988870800094446,False
590,0.5566186249998282,0.28590583400364267,False
591,0.30945449999853736,0.29123945900209947,False
591,0.3173651670003892,0.28420462500071153,False
592,0.4334625000046799,0.28583824999805074,False
592,0.2660598750007921,0.2863297920048353,False
593,0.8040702919970499,0.28562324999802513,False
593,0.25433958299981896,0.286068791996513,False
594,0.34721937499853084,0.2845128749977448,False
594,1.0030121250019874,0.3074342500040075,False
595,0.49704554100026144,0.28612033300305484,False
595,0.33839666599669727,0.28724687499925494,False
596,0.37256150000030175,0.2845459590025712,False
596,0.2817384580048383,0.2847879999972065,False
597,0.2919639589963481,0.28512912500445964,False
597,0.3902837920031743,0.2862915410005371,False
598,0.4488997919979738,0.28955437499826076,False
598,0.48130216600111453,0.3036359999969136,False
599,1.0051581250008894,0.289157040999271,True
599,0.3852629590037395,0.29292433299997356,False
600,0.29074224999931175,0.28583066599821905,False
600,0.38644512499740813,0.328580041998066,False
601,0.4347808329985128,0.2892852919976576,False
601,0.3135741669975687,0.28861500000493834,False
602,0.4185240829974646,0.2895743749977555,False
602,0.30377666600543307,0.28918058399722213,False
603,0.3305569160002051,0.2864117909994093,False
603,0.25447924999753013,0.287728707997303,False
604,0.8188099999970291,0.2978748329987866,False
604,0.5752107090011123,0.2921410829949309,False
605,0.26378237499739043,0.28825799999322044,False
605,0.7811639580031624,0.2860381669961498,False
606,0.2850353340036236,0.2865317909963778,False
606,0.914888332998089,0.28981716600537766,False
607,0.3895972919999622,0.2916610829997808,False
607,0.42039508299785666,0.28703520799899707,False
608,0.3989020829976653,0.3055802499948186,False
608,0.389789834000112,0.2908402089960873,False
609,0.8726300409980468,0.288405833998695,False
609,0.44416679199639475,0.28648058300314005,False
610,1.0042833749976126,0.28743479100376135,True
610,0.2561822089992347,0.29012120900006266,False
611,0.3545584170060465,0.29635275000327965,False
611,0.4301077910058666,0.30173720799939474,False
612,0.9247865409997758,0.2889943330010283,False
612,0.2769590000025346,0.29781658299907576,False
613,0.31638245900103357,0.29174633400543826,False
613,0.3717171249954845,0.2982118330037338,False
614,0.2642050830036169,0.2980738339974778,False
614,0.26362116599921137,0.29485195800225483,False
615,0.29677991700009443,0.2945846660004463,False
615,0.38094320799427805,0.2896191670006374,False
616,0.3469007919993601,0.29035054099949775,False
616,0.26285224999446655,0.3113342919969,False
617,0.4115338750052615,0.329368250000698,False
617,0.35420791700016707,0.29009954199864296,False
618,0.2920253749980475,0.292259166999429,False
618,0.9477790829987498,0.2882706250020419,False
619,0.6206203330002609,0.286701916003949,False
619,0.3074503329989966,0.29019125000195345,False
620,0.26470700000209035,0.3097712919989135,False
620,0.3320064170038677,0.28922183299437165,False
621,0.4348578749995795,0.2911289580006269,False
621,1.0041554999988875,0.2889137500023935,True
622,0.3547484170048847,0.2855820830009179,False
622,0.3514403340013814,0.29142595800658455,False
623,0.26388979199691676,0.29032070800167276,False
623,0.9536181250005029,0.2963154579992988,False
624,0.25676608399953693,0.2922852080009761,False
624,0.25383291600155644,0.2881649999981164,False
625,0.4273721249992377,0.2867892499998561,False
625,0.2640342500017141,0.34446562499942956,False
626,0.3102517919978709,0.2869499169974006,False
626,0.6409551250035292,0.30486720899352804,False
627,1.0058842500002356,0.2898882500012405,True
627,0.3437601249970612,0.29405741699883947,False
628,0.31922016700264066,0.3049257500024396,False
628,0.41931470800045645,0.32109487499837996,False
629,0.2693897499993909,0.2877044589986326,False
629,0.3068019579950487,0.29245312500279397,False
630,0.7870392919940059,0.2904248750055558,False
630,0.4875345420005033,0.29387524999765446,False
631,0.40747833399655065,0.3020576670023729,False
631,0.332563833995664,0.28623425000114366,False
632,0.44283995799924014,0.2909983750068932,False
632,0.2627950000023702,0.2881267909979215,False
633,0.2583023339975625,0.2904261670046253,False
633,0.8676672920046258,0.3153052080015186,False
634,0.47861791699688183,0.2983963340011542,False
634,0.2906273330008844,0.3105976250008098,False
635,0.624399958003778,0.2903942089978955,False
635,0.43664404199807905,0.29937454200262437,False
636,0.3331893329959712,0.29834820899850456,False
636,0.2643983340021805,0.29541208400041796,False
637,0.32655695799621753,0.2900311249977676,False
637,0.30737950000184355,0.32686379199731164,False
638,0.7018526250030845,0.2911646249995101,False
638,0.33034966699779034,0.3193653330017696,False
639,0.29745533300592797,0.29127129200060153,False
639,0.263317333003215,0.2886654579997412,False
640,0.5286062090017367,0.2898640420025913,False
640,0.32512858300469816,0.2942687079994357,False
641,0.48178775000269525,0.2909713749977527,False
641,0.29477745899930596,0.29037329100538045,False
642,0.3731817919979221,0.28922416700515896,False
642,0.6115796250014682,0.2898079160004272,False
643,0.5278079580020858,0.29192124999826774,False
643,0.4199099999968894,0.36210037500131875,False
644,0.59038354200311,0.3680530420024297,False
644,0.3032920420009759,0.31032533300458454,False
645,0.28882762500143144,0.32932058299775235,False
645,0.4754305000024033,0.2974661250045756,False
646,0.2793762090004748,0.29892575000121724,False
646,0.3799013339958037,0.29187129100319,False
647,0.30262574999505887,0.30944729099428514,False
647,1.004285458002414,0.2907213340004091,True
648,0.42628050000348594,0.29615370799729135,False
648,0.29058945800352376,0.2897337920003338,False
649,0.4879460410011234,0.2910200420010369,False
649,0.3580648339993786,0.29338312500476604,False
650,0.36648254199826624,0.29359200000180863,False
650,0.3600834169992595,0.31941637500131037,False
651,0.25845941699662944,0.29566116700152634,False
651,0.3565136250035721,0.2908635830026469,False
652,0.4560832089991891,0.2884914160022163,False
652,0.4206833749994985,0.3189411669955007,False
653,0.4178227079974022,0.2967131250043167,False
653,0.40630537499964703,0.29812775000027614,False
654,0.42403820799518144,0.2904766669962555,False
654,0.33054416699451394,0.2908433749980759,False
655,0.2575029590007034,0.2952277909935219,False
655,1.004139374999795,0.29265550000127405,True
656,0.393888667000283,0.2942890000049374,False
656,0.32041374999971595,0.2933519170037471,False
657,0.5270162500019069,0.29337370899884263,False
657,0.5538548749973415,0.2912914999978966,False
658,0.43681950000609504,0.2953138329976355,False
658,0.2923744169966085,0.30868412499694386,False
659,0.6239294589977362,0.33146416599629447,False
659,0.6689021659985883,0.3751343330004602,False
660,0.32258116700540995,0.33356466599798296,False
660,1.0058007500047097,0.3173170419977396,True
661,0.3641610420017969,0.312409458005277,False
661,0.26697654200688703,0.3357021249976242,False
662,0.26973862500017276,0.31101866599783534,False
662,0.33227400000032503,0.2911528749973513,False
663,0.8516779159981525,0.2914918749956996,False
663,0.2606744580043596,0.2924188749966561,False
664,0.28792579199944157,0.297631208995881,False
664,0.30666062499949476,0.3024237499994342,False
665,0.674734250002075,0.305914374999702,False
665,0.3967343330004951,0.3362627500027884,False
666,0.6284671249959501,0.33684404200175777,False
666,0.575857541996811,0.2983704169964767,False
667,0.2620464589999756,0.2940779579948867,False
667,1.0041180420012097,0.32584558300004574,True
668,0.5577329169973382,0.2905133750027744,False
668,0.49164050000399584,0.28956358400319004,False
669,0.2999139999956242,0.2889445420005359,False
669,0.4837515409963089,0.2894172090018401,False
670,0.27461945800314425,0.28970400000252994,False
670,0.34282912500202656,0.29357008400256746,False
671,0.29528729199955706,0.30402999999932945,False
671,0.6486012080058572,0.29437016700103413,False
672,0.3280535419980879,0.29339404099300737,False
672,0.47969745800219243,0.2902937499966356,False
673,0.25726824999583187,0.2901934999972582,False
673,1.0040118749966496,0.29441604200110305,True
674,0.40117483399808407,0.28909612499410287,False
674,0.25978787500207545,0.29139612499420764,False
675,0.8540897080019931,0.2948332500018296,False
675,0.3777829999962705,0.3068207089963835,False
676,0.26584729200112633,0.3028774580016034,False
676,0.3020241670019459,0.3269916670033126,False
677,0.2569461669991142,0.31289466700400226,False
677,1.0044127090004622,0.2980502080026781,True
678,0.5660644579984364,0.301816624996718,False
678,0.38565570799983107,0.29316300000209594,False
679,0.2845532909996109,0.29335866600013105,False
679,0.3540029160067206,0.3024354579974897,False
680,0.3867720000052941,0.30448595799680334,False
680,0.2670494170015445,0.2975606250038254,False
681,0.3707966250003665,0.31169187499472173,False
681,0.313442209000641,0.30348495799989905,False
682,1.0043329170002835,0.3086379590022261,True
682,0.4360108749970095,0.3028942079981789,False
683,0.6215785000022152,0.298550042003626,False
683,0.26015737499983516,0.300409249997756,False
684,0.4049430000013672,0.2987314160054666,False
684,0.4403799169958802,0.29318187500030035,False
685,0.9656771250010934,0.2974354999969364,False
685,0.4174245000031078,0.2940364169990062,False
686,0.4216269579992513,0.3982063340008608,False
686,0.36414370899728965,0.4455904999995255,False
687,0.35302650000085123,0.29537616700690705,False
687,1.0039925419987412,0.3102416669935337,True
688,0.37801575000048615,0.29381375000230037,False
688,0.3090930420003133,0.31289754200406605,False
689,0.290055042001768,0.2990888340063975,False
689,0.26276616700488375,0.2918383750002249,False
690,0.2972532499989029,0.30463895800494356,False
690,1.004208040998492,0.2963380830042297,True
691,0.4919716660006088,0.30754495799919823,False
691,0.6122003329946892,0.29725062500074273,False
692,0.30104745800053934,0.2946626670018304,False
692,0.2691179169996758,0.30760470899986103,False
693,1.0042511659994489,0.2979749579972122,True
693,1.004169499996351,0.29645520800113445,True
694,0.3061206670026877,0.32255004199396353,False
694,0.4097039999978733,0.2928858750019572,False
695,0.7774327079969225,0.2922345840052003,False
695,0.4750365839936421,0.2951492499996675,False
696,0.4812867090004147,0.29841487500380026,False
696,0.3820256659964798,0.2931094160012435,False
697,0.5331947090016911,0.30860808299621567,False
697,0.5301364999977523,0.2909836670005461,False
698,0.31429299999581417,0.29789324999728706,False
698,0.408705750000081,0.293065582998679,False
699,0.2964850420030416,0.2920924170030048,False
699,0.4008379579972825,0.290519290996599,False
700,0.3000945839958149,0.2927342499970109,False
700,1.0040012079989538,0.29542408300039824,True
701,0.5818907080029021,0.29432020900276257,False
701,0.3656214170041494,0.31280662499921164,False
702,0.42187791600008495,0.31242795800062595,False
702,0.27189424999960465,0.29397808300564066,False
703,0.6647180420040968,0.294610749995627,False
703,0.25972187500155997,0.2940872079998371,False
704,0.39315987499867333,0.2925243329955265,False
704,0.29774104099487886,0.2988355000052252,False
705,0.944309416001488,0.2933831249974901,False
705,0.26025449999724515,0.29384187499817926,False
706,0.43396620899875415,0.293664249998983,False
706,0.5864619170024525,0.2944532920009806,False
707,0.603774125003838,0.29601041600108147,False
707,0.8406829169980483,0.2921798329989542,False
708,0.25847662500018487,0.2939842080013477,False
708,0.5049037499993574,0.30045741699723294,False
709,0.493509833002463,0.3024886659986805,False
709,0.4708165839983849,0.3006259579997277,False
710,0.30466045899811434,0.2985927499976242,False
710,0.6750445830039098,0.29695504200208234,False
711,0.297321040998213,0.3212069579967647,False
711,0.48116337499959627,0.3001240410012542,False
712,0.3429422080007498,0.297083040997677,False
712,0.3060594580019824,0.2935015420007403,False
713,0.25898229199810885,0.3027239160001045,False
713,0.38218420799967134,0.3419450000001234,False
714,1.0042825420023291,0.2945190829996136,True
714,0.3012675829959335,0.29490654199616984,False
715,0.25613720800174633,0.2936533749962109,False
715,0.4192833339984645,0.2957773329981137,False
716,0.2900297500018496,0.301653875001648,False
716,0.8629582499997923,0.3273525830009021,False
717,0.3825395000021672,0.31696350000129314,False
717,0.32110670800466323,0.2957087920003687,False
718,0.3376514580013463,0.29264808400330367,False
718,0.29765504199895076,0.29507633399771294,False
719,0.49558149999938905,0.294637667000643,False
719,0.29592637500172714,0.29717016700305976,False
720,0.30596570799389156,0.2949400420038728,False
720,0.2599660830019275,0.30279220800002804,False
721,0.38079458299762337,0.29572683299920755,False
721,0.6297344170016004,0.2929366660027881,False
722,0.3639463329964201,0.294758832998923,False
722,0.2967413750011474,0.2937037500014412,False
723,0.4674213329999475,0.2947686249972321,False
723,0.5185526659988682,0.29366783300065435,False
724,0.2552845000027446,0.2940879999950994,False
724,0.31815500000084285,0.2933034579982632,False
725,1.0043996660024277,0.36220687499735504,True
725,1.0044066249975003,0.29255858399847057,True
726,0.3783760419973987,0.297879624995403,False
726,0.2964709169973503,0.2936132910035667,False
727,0.5454042080018553,0.2954878749951604,False
727,0.2809521249946556,0.2957097500038799,False
728,0.7167297910054913,0.29627604100096505,False
728,0.2992088329992839,0.29451016699749744,False
729,0.25869950000196695,0.29384266599663533,False
729,0.361575165996328,0.32078579099470517,False
730,0.3382184580041212,0.2971734579987242,False
730,0.31224487500003306,0.29580416699900525,False
731,0.29713045799871907,0.3070922090046224,False
731,0.26353916699736146,0.31190941700333497,False
732,0.2738499170009163,0.29354575000616023,False
732,0.4865291249952861,0.3016658330016071,False
733,0.342591666005319,0.29537100000015926,False
733,0.2533983329994953,0.2941835829988122,False
734,0.5351300830006949,0.2986651669998537,False
734,0.30687591699825134,0.297211207995133,False
735,0.5379724170052214,0.31402183300087927,False
735,0.2696193329975358,0.2946712920020218,False
736,0.5996111670028768,0.3033982500055572,False
736,0.8545365839963779,0.32150158399599604,False
737,0.2978174579984625,0.31678358300268883,False
737,0.2779216670023743,0.2940792910012533,False
738,0.25231320899911225,0.29244991700397804,False
738,1.0043127079989063,0.294530583996675,True
739,0.6933329580060672,0.2957168749999255,False
739,1.0042453749993001,0.29903666600148426,True
740,0.4644842079942464,0.29548358299507527,False
740,0.263215749997471,0.3085416250032722,False
741,0.380454500002088,0.32985158300289186,False
741,0.5515490410034545,0.31280658299510833,False
742,0.747304709002492,0.2983178330032388,False
742,0.255849290995684,0.29362441600096645,False
743,0.41354812499776017,0.3018995829988853,False
743,1.0051609169968287,0.30168208399845753,True
744,0.3411789579986362,0.3041875409981003,False
744,0.3963105419970816,0.30000058300356613,False
745,0.47932608400151366,0.29681970899400767,False
745,0.4583121659961762,0.2982100419976632,False
746,1.0045065410013194,0.29960079200100154,True
746,0.3309033330006059,0.29631116700329585,False
747,0.27333279099548236,0.30474525000317954,False
747,1.0043034170012106,0.2978477500000736,True
748,0.542388709000079,0.29766333299630787,False
748,0.25595979199715657,0.2996902089944342,False
749,0.40344899999763584,0.2957942089997232,False
749,1.0042783329990925,0.2956025830062572,True
750,0.38024941599724116,0.29612025000096764,False
750,0.3023888329989859,0.2965045419987291,False
751,0.5324425419967156,0.31087062500591855,False
751,0.44131908300187206,0.30901716699736426,False
752,0.5893432499942719,0.3155951250009821,False
752,0.9421707500005141,0.29884887499792967,False
753,0.2557775839959504,0.29675062500609783,False
753,0.3116027079959167,0.2983781660004752,False
754,0.25505100000009406,0.35501037500216626,False
754,0.7691285409964621,0.2959463329971186,False
755,0.5858875829944736,0.2955259589944035,False
755,1.0042541670045466,0.2943318329998874,True
756,0.2999706250047893,0.29567841599782696,False
756,0.2992580830032239,0.2947573339988594,False
757,0.576219583999773,0.2992916660004994,False
757,0.2986042499978794,0.32075408300443087,False
758,0.698336666006071,0.29843766699923435,False
758,0.7479899999962072,0.3949129169996013,False
759,1.0067691660005949,0.437118667003233,True
759,0.3048382080014562,0.390404124998895,False
760,0.5797508749965345,0.35685058400122216,False
760,1.004882583001745,0.295525458001066,True
761,1.004264458999387,0.3036889159993734,True
761,0.25951312499819323,0.3030585840024287,False
762,0.34239595899998676,0.30261008399975253,False
762,0.3166062910022447,0.3022432919970015,False
763,0.30460012500407174,0.2937978749978356,False
763,1.0044115419950685,0.3017892080024467,True
764,0.26735808399826055,0.3008565420022933,False
764,0.36663962499733316,0.32312862500111805,False
765,0.7863878330026637,0.3115952920052223,False
765,0.31413879100000486,0.3016092089965241,False
766,0.6696603750024224,0.30493933300022036,False
766,0.5688947080052458,0.29851954100013245,False
767,0.9191056669951649,0.2987305839997134,False
767,0.35668345900194254,0.2961439999999129,False
768,0.4767856250036857,0.30012100000021746,False
768,0.6900789589999476,0.3098318750053295,False
769,0.807842709000397,0.29672416699759196,False
769,0.5240592080008355,0.3041020419987035,False
770,0.3521853749989532,0.29952270799549296,False
770,1.0042711249989225,0.30121066699939547,True
771,0.33666766700480366,0.29944183300540317,False
771,0.31989620899548754,0.3078107090041158,False
772,0.2607459580030991,0.30067533400142565,False
772,0.5450636250025127,0.2997547080012737,False
773,0.5378556669966201,0.3103743750034482,False
773,1.0041814580035862,0.29773837499669753,True
774,0.6792989579989808,0.30003941700124415,False
774,1.0042240830007358,0.312016791998758,True
775,0.30179045900149504,0.2959529579966329,False
775,0.2598222500018892,0.2955314580030972,False
776,0.3510637500003213,0.2973291669986793,False
776,0.5859478749989648,0.2953587080046418,False
777,0.40340329200262204,0.3368625000002794,False
777,0.4902990000045975,0.3062824590015225,False
778,0.4796935000049416,0.3031346659990959,False
778,0.3044724169958499,0.29825241700018523,False
779,0.30565049999859184,0.30067879199486924,False
779,0.679554583002755,0.2967299170049955,False
780,0.46393470800103387,0.2974878339955467,False
780,0.3038505420045112,0.2961814160007634,False
781,1.0041199999977835,0.30179954100458417,True
781,0.41113366699573817,0.2950802909981576,False
782,0.6397112920021755,0.2958365840022452,False
782,0.2541920410003513,0.2961588749967632,False
783,0.30291912500251783,0.2961965830036206,False
783,0.3532543330002227,0.29527420900558354,False
784,1.0040887080031098,0.2950271250010701,True
784,0.31788266700459644,0.2951037919992814,False
785,0.31412916699628113,0.3124360000001616,False
785,1.0042047499955515,0.29633375000412343,True
786,1.004143166996073,0.2967452079974464,True
786,0.2589917500008596,0.29765812500409083,False
787,0.25855891699757194,0.2972502499978873,False
787,0.7318798749984126,0.2966859590014792,False
788,0.6755004159931559,0.29909766699711327,False
788,0.8496008750007604,0.29821562500001164,False
789,0.48646966699743643,0.30366137500095647,False
789,0.5370945829999982,0.3015524170041317,False
790,0.9403674999994109,0.2965996249986347,False
790,1.0084968750015832,0.30670216700673336,True
791,0.45406716700381367,0.3309495829962543,False
791,0.4677624160030973,0.2979133750050096,False
792,0.4771188750019064,0.2960870830065687,False
792,0.25654491699970094,0.29657666699495167,False
793,0.8259731250000186,0.3024870000008377,False
793,0.496561957996164,0.3021368749978137,False
794,0.33799541700136615,0.3310052499946323,False
794,0.7216047909969348,0.30307175000052666,False
795,0.26212562499858905,0.2992295000003651,False
795,1.004358209000202,0.3421802909942926,True
796,1.0041362090050825,0.30297429200436454,True
796,0.262419165999745,0.30147804200532846,False
797,0.7101509999993141,0.3053437920025317,False
797,0.45149770800344413,0.3005750829979661,False
798,0.4976935829981812,0.302672582998639,False
798,0.26102420799725223,0.3019158340030117,False
799,0.3176314169977559,0.30408724999870174,False
799,0.43637991700234124,0.3004180420030025,False
800,0.25916733300255146,0.29866883299837355,False
800,0.3551682500037714,0.2986201669991715,False
801,0.6720122920014546,0.308445082999242,False
801,0.7654744579995167,0.29956495899386937,False
802,0.3804235829957179,0.29921441600163234,False
802,0.5450359579990618,0.3002438749972498,False
803,0.7660029580001719,0.30007170899625635,False
803,0.5054475830038427,0.31196099999942817,False
804,0.3337736249959562,0.3143596250010887,False
804,0.7755027910025092,0.3045291249945876,False
805,0.2620083750007325,0.3035492919952958,False
805,1.004420040997502,0.3129103750034119,True
806,0.34248633300012443,0.30602004200045485,False
806,0.3158374999984517,0.305819708002673,False
807,0.6591924999956973,0.299036457996408,False
807,1.0041657499969006,0.3000035000004573,True
808,0.2640564160028589,0.3604808750023949,False
808,0.7043745000046329,0.31106775000080233,False
809,1.0055376669988618,0.29994083299970953,True
809,1.0042852089973167,0.299420208997617,True
810,0.35705291599879274,0.29793112500192365,False
810,1.0044473340021796,0.2972301669942681,True
811,1.0042487910031923,0.3002964589977637,True
811,0.2591655419964809,0.299638500000583,False
812,0.258665707995533,0.298290332997567,False
812,0.3700089999983902,0.303149499995925,False
813,0.3536620840022806,0.29771741700096754,False
813,1.0041743330002646,0.30425575000117533,True
814,0.6256919999941601,0.3056807920002029,False
814,0.6160005830024602,0.3049125410034321,False
815,0.25689791700278874,0.3029770840003039,False
815,0.3125217920023715,0.3007421250003972,False
816,1.004096083001059,0.299974708002992,True
816,1.004181874995993,0.29737091699644225,True
817,0.8494176250023884,0.30693433299893513,False
817,0.3137240829964867,0.29925495800125645,False
818,0.4879243329996825,0.299948708001466,False
818,0.39392941699770745,0.2988455420054379,False
819,0.6548557499991148,0.2980427910006256,False
819,1.004088875000889,0.2978466659988044,True
820,0.4656112500015297,0.29751008300081594,False
820,1.0040828330020304,0.2968662499988568,True
821,0.2533245410013478,0.29872233400237747,False
821,0.35654895799962105,0.2983328749978682,False
822,0.2528153330058558,0.312427791999653,False
822,1.0042357499987702,0.30539424999733455,True
823,0.4403915419970872,0.2995778749973397,False
823,0.42024583400052506,0.30129662500257837,False
824,1.0041396250016987,0.2968209590035258,True
824,0.25949787499848753,0.3060819169986644,False
825,0.6003505420012516,0.29911050000373507,False
825,0.6189612500020303,0.3039324579949607,False
826,0.261209541997232,0.3009359999996377,False
826,0.2588668750031502,0.30655695799941896,False
827,0.6747689999974682,0.29962295800214633,False
827,0.2558052499953192,0.30000962499616435,False
828,1.0042729999986477,0.36869266699795844,True
828,0.7245042080030544,0.31553933300165227,False
829,0.2768947499935166,0.2993917080020765,False
829,1.0046572089995607,0.29960504199698335,True
830,0.6797215830010828,0.2996902919985587,False
830,1.004145916995185,0.32564124999771593,True
831,0.3243442080056411,0.2995296250010142,False
831,1.004371708004328,0.3016833340006997,True
832,0.5713910829945235,0.30009016700205393,False
832,0.31067395900026895,0.3053846250040806,False
833,0.25947133299632696,0.3035732089992962,False
833,1.0043042080069426,0.2991334999969695,True
834,0.5687642500051879,0.30446829200081993,False
834,0.2534792079968611,0.3010031249941676,False
835,1.0042578749998938,0.30138566700043157,True
835,0.7655830840012641,0.3015317919998779,False
836,0.3091694160029874,0.29931704200134845,False
836,0.3676605410000775,0.2995480410027085,False
837,0.32312329100386705,0.29955012499704026,False
837,0.438791417000175,0.2994277920006425,False
838,0.25699212499603163,0.298066999996081,False
838,0.5718567500007339,0.2993370420008432,False
839,0.3154663339955732,0.29821200000151293,False
839,1.0042052499993588,0.29846829199959757,True
840,0.749849958003324,0.3014390419994015,False
840,0.376644291995035,0.303048250003485,False
841,0.5849087500027963,0.30161862499517156,False
841,1.0043207919952692,0.2997660420005559,True
842,1.0042838749941438,0.30664333399909083,True
842,0.45919091700488934,0.2975421669980278,False
843,0.45781183300277917,0.30092400000285124,False
843,0.3139222910031094,0.3004495420027524,False
844,1.0042171250024694,0.30294470799708506,True
844,0.31225141700269887,0.3085040419973666,False
845,0.6364452499983599,0.3103073750025942,False
845,0.31283362500107614,0.3045909170032246,False
846,0.31376183300017146,0.32811237500573043,False
846,0.557291625002108,0.30276408400095534,False
847,1.004836542000703,0.3211065409996081,True
847,0.32592516700242413,0.3026326670005801,False
848,0.314813500001037,0.30518845800543204,False
848,0.5270043339987751,0.3025122499966528,False
849,0.4903000409976812,0.3053724159981357,False
849,1.004316958002164,0.29804370799683966,True
850,1.004477541995584,0.3007762909983285,True
850,0.4870994160010014,0.29998325000633486,False
851,1.0044723750033882,0.3010165829982725,True
851,1.0042672499985201,0.2998542080022162,True
852,0.316939917000127,0.30102754100516904,False
852,0.2569395410027937,0.30371858299622545,False
853,0.5554032500003814,0.31090729200514033,False
853,0.2692625840063556,0.3040801660026773,False
854,1.00424995800131,0.3089663329956238,True
854,0.2665692090013181,0.3025039999993169,False
855,0.6588387090014294,0.30288637500052573,False
855,0.48759816699748626,0.30597366700385464,False
856,0.5959587089964771,0.30337999999755993,False
856,0.25431362499512034,0.3005520839942619,False
857,1.0043380830029491,0.3048485420003999,True
857,0.5169447079970269,0.30238120899593923,False
858,0.8641670830038493,0.30834087500261376,False
858,1.0045278329998837,0.299670790998789,True
859,1.0041162920024362,0.3005079590002424,True
859,0.25771249999525025,0.3322436669986928,False
860,1.0043434170002001,0.30353870899853064,True
860,0.49368162500468316,0.29882879199431045,False
861,0.25729333300114376,0.3047786669994821,False
861,0.2561488339997595,0.3018937500019092,False
862,0.5628388749973965,0.30454124999960186,False
862,0.5461056659987662,0.2991519170027459,False
863,1.0043369160048314,0.2996012920048088,True
863,1.0040717089941609,0.3050022919996991,True
864,0.4265735000008135,0.30298616599611705,False
864,0.254338207996625,0.30247262500051875,False
865,0.7027776670001913,0.303860291998717,False
865,0.2725642079967656,0.29972450000059325,False
866,0.7046316659980221,0.3085637090043747,False
866,0.2590347090008436,0.30136695799592417,False
867,0.5500266249946435,0.30983379199460614,False
867,1.0038968750013737,0.3078261670016218,True
868,0.32812025000021094,0.3079415419997531,False
868,0.321814541995991,0.31011175000458024,False
869,0.5554507920023752,0.3118263329961337,False
869,0.4490828749985667,0.3026362500022515,False
870,1.0043120409973199,0.3013452919985866,True
870,1.0045592500027851,0.3045110829989426,True
871,0.2569172500006971,0.3010161669953959,False
871,1.0041655419991002,0.3047325420047855,True
872,0.266263457997411,0.3036457909984165,False
872,0.2592420000000857,0.333403750002617,False
873,0.44719491700379876,0.3091580000036629,False
873,0.26359258300362853,0.30694612500519725,False
874,0.3181306660044356,0.30546916700404836,False
874,0.33788983300473774,0.30489112500072224,False
875,0.3258732499962207,0.30204483300622087,False
875,0.3192608749959618,0.30513416699977824,False
876,0.2542172079993179,0.300621249996766,False
876,1.0042211249965476,0.3007143750000978,True
877,0.3264282500022091,0.3015783749942784,False
877,1.0042794999972102,0.311410166999849,True
878,1.0042853339982685,0.3320275839942042,True
878,0.5128454579971731,0.30562849999842,False
879,0.26361129200086,0.30196291700121947,False
879,0.25674579199403524,0.3055235840001842,False
880,0.7257255000004079,0.30531491700094193,False
880,0.49900987499859184,0.30180837499938207,False
881,0.8431333339976845,0.3060205000001588,False
881,0.49022320799849695,0.30102324999461416,False
882,0.2595740830001887,0.3016609999976936,False
882,0.6137758330005454,0.3016409579940955,False
883,1.0041292079986306,0.30355533299734816,True
883,1.0042910830015899,0.3023235830041813,True
884,0.9779507089988329,0.3017472909996286,False
884,0.38819408400013344,0.3022818330064183,False
885,0.31719295799848624,0.3013453340026899,False
885,0.4095672499970533,0.30097666700021364,False
886,1.004092875002243,0.30740833299933,True
886,0.9090189590060618,0.4285658750013681,False
887,0.46239887500269106,0.46051974999863887,False
887,0.5680756250003469,0.39464229199802503,False
888,0.3962507089963765,0.3163877080005477,False
888,0.3903429169949959,0.3215658330009319,False
889,0.5352318329969421,0.3325052500003949,False
889,1.004403375001857,0.30616291600017576,True
890,1.004603458000929,0.30896962500264635,True
890,0.2871880840029917,0.37060024999664165,False
891,1.004029542003991,0.41663762499956647,True
891,0.4599989159978577,0.5570754159998614,False
892,0.557560959001421,0.35481362500286195,False
892,0.4449153750028927,0.3177843750017928,False
893,0.4335871250004857,0.30892962500365684,False
893,0.2625059170022723,0.303444249999302,False
894,0.34277579199988395,0.3121289579939912,False
894,0.3465527079970343,0.30742304200248327,False
895,1.004325958994741,0.31156300000293413,True
895,0.644453415996395,0.5157301669969456,False
896,0.3934042920009233,0.31334174999938114,False
896,0.6240980830043554,0.3036057090066606,False
897,0.8274264170031529,0.3082539169990923,False
897,1.004200415998639,0.30623424999794224,True
898,1.0043283330014674,0.3029414169941447,True
898,0.25564233300246997,0.3057201669944334,False
899,0.3083276250035851,0.3080376670041005,False
899,0.25292491700383835,0.3026442499976838,False
900,0.501168000002508,0.3015572500007693,False
900,0.2562210830001277,0.30270000000018626,False
901,0.5652083330060123,0.30356700000265846,False
901,0.39009524999710266,0.3040569160002633,False
902,0.9489105410029879,0.3020860839969828,False
902,0.34125516600033734,0.30299579100392293,False
903,0.788842999994813,0.30203541700029746,False
903,0.25962733299820684,0.302326124998217,False
904,0.6133271250000689,0.30254854200029513,False
904,0.5196181669962243,0.30292391699913424,False
905,0.2565323340022587,0.30366333299753023,False
905,0.8235933749965625,0.3029727079992881,False
906,0.32755358400027035,0.3020609580053133,False
906,0.3532807090014103,0.3022727919960744,False
907,0.2571465000000899,0.3031334999977844,False
907,0.7706278330006171,0.30386124999495223,False
908,0.9849081249994924,0.3025950000010198,False
908,0.32643199999438366,0.30547862499952316,False
909,1.00415066700225,0.30333191699901363,True
909,0.27555416600080207,0.3027018749999115,False
910,0.5963489999994636,0.3026727500036941,False
910,0.7128291659973911,0.3033865000033984,False
911,0.7540329170005862,0.30420862499886425,False
911,0.4068364579943591,0.30258812499960186,False
912,0.33671983299427666,0.3034277920014574,False
912,0.46804183299536817,0.3043385830023908,False
913,1.0041735830018297,0.3023734169983072,True
913,0.3212875419994816,0.30306683399976464,False
914,1.0042627500006347,0.3356141249969369,True
914,0.8818840410021949,0.3055034170029103,False
915,0.5205527090001851,0.3037708339979872,False
915,0.5446842500023195,0.33718079200480133,False
916,0.25605595800152514,0.31433841699617915,False
916,1.0043803750013467,0.3442479170043953,True
917,0.30173008400015533,0.32320358300057705,False
917,1.0043723339986173,0.3195555409984081,True
918,0.6860383339953842,0.30366091700125253,False
918,0.5925531250031781,0.3049377080023987,False
919,0.39328445799765177,0.30414812499657273,False
919,0.4559624579997035,0.31332458299584687,False
920,1.004297375002352,0.305517291999422,True
920,1.004256374995748,0.3108609999981127,True
921,0.3360928749971208,0.31903062500350643,False
921,0.2608584170011454,0.319755290998728,False
922,0.330954874996678,0.3099848749989178,False
922,0.3952066659985576,0.30801254100515507,False
923,1.0043317919989931,0.3234807909975643,True
923,0.4016859160037711,0.3052516250027111,False
924,1.0042590840021148,0.3272311249966151,True
924,0.6833104160032235,0.3106621249971795,False
925,1.0042435420036782,0.30661404200509423,True
925,0.5094419169981848,0.3089768339996226,False
926,0.5536858330015093,0.3036243749957066,False
926,0.536105833001784,0.3034917500044685,False
927,0.8355993329969351,0.30893754200224066,False
927,0.639285250006651,0.30451904199435376,False
928,0.8024740420005401,0.3044142910002847,False
928,1.003607833001297,0.30917895899619907,True
929,0.7305028749979101,0.30630162499437574,False
929,0.3276346659986302,0.3055272910060012,False
930,0.32305833300051745,0.3054208749963436,False
930,1.0040924170025392,0.3045613340000273,True
931,0.32568275000085123,0.3054133329933393,False
931,1.004028791001474,0.30404616599844303,True
932,0.3937294169954839,0.31462529100099346,False
932,0.6810800829989603,0.3038830420045997,False
933,1.0041502079984639,0.304403292000643,True
933,0.3989719579985831,0.3039927079953486,False
934,1.0042704160005087,0.3090258750016801,True
934,0.25378504100081045,0.3106456250025076,False
935,0.393375665997155,0.3112961670049117,False
935,1.004174834000878,0.31158616700122366,True
936,0.26215383400267456,0.30438349999894854,False
936,0.2640438329981407,0.30378387500240933,False
937,0.4539507500012405,0.31247166600223863,False
937,0.973519250001118,0.3042669999995269,False
938,0.6323838750031427,0.3045899160060799,False
938,0.3255655829998432,0.32688866699754726,False
939,0.26005004199396353,0.30741354200290516,False
939,0.25541887500003213,0.3051528329961002,False
940,1.0044138329976704,0.30574229099875083,True
940,1.0041205840025214,0.30406424999819137,True
941,1.0042067909962498,0.30421108299924526,True
941,0.6215888329970767,0.30763662500248756,False
942,0.268428583003697,0.3053382080033771,False
942,0.5925902090020827,0.3053734999994049,False
943,0.25499970800592564,0.30424029099958716,False
943,0.25411183300457196,0.3047711669933051,False
944,1.0041994580024038,0.3054465829991386,True
944,0.25668250000308035,0.3083252500000526,False
945,1.0041829159963527,0.30499212499853456,True
945,0.9928377910036943,0.31306854099966586,False
946,1.0043744590002461,0.306140291999327,True
946,0.4590125419999822,0.3057104160034214,False
947,1.0043101249975734,0.3065763750055339,True
947,0.6489269579979009,0.30592649999744026,False
948,0.7129117500007851,0.3051855000012438,False
948,1.0045926250022603,0.31181533400376793,True
949,0.25856083299731836,0.30705687499721535,False
949,0.4520265829996788,0.30697404199599987,False
950,0.42780033300368814,0.30482212499919115,False
950,0.26396654099517036,0.3051690840002266,False
951,0.4439708749996498,0.3064840409933822,False
951,0.8430652919996646,0.3244520829975954,False
952,0.48389741699793376,0.33057237500179326,False
952,0.3459441250015516,0.31056612500105985,False
953,0.2766483329978655,0.31183387499913806,False
953,1.004432125002495,0.3054405839939136,True
954,1.0042636660000426,0.30546920899359975,True
954,0.27028237500053365,0.30608475000190083,False
955,1.0043138330001966,0.30960616700031096,True
955,0.8356380409968551,0.30526254199503455,False
956,1.0043439170040074,0.30783475000498584,True
956,0.4026217079954222,0.30620987500151386,False
957,1.0043472079996718,0.3053666669948143,True
957,1.0042232090054313,0.30522279199794866,True
958,0.341326666995883,0.30681804199412,False
958,0.6955254169952241,0.3056007499981206,False
959,0.2539973749953788,0.30588791699847206,False
959,0.8236662079943926,0.3044614590035053,False
960,0.25851024999428773,0.3052665830036858,False
960,1.004101249993255,0.3062292909962707,True
961,0.2562652499982505,0.30722237499867333,False
961,0.25520933300140314,0.3070994170047925,False
962,1.0043693749976228,0.30566558400460053,True
962,1.0042634999990696,0.30589395800052444,True
963,0.2598812080032076,0.3054982910034596,False
963,0.2545560420039692,0.3062654579989612,False
964,0.5175956250022864,0.30588358299428364,False
964,1.004235250002239,0.3058054579960299,True
965,0.33670724999683443,0.3140565420035273,False
965,0.2624848330015084,0.3150419579978916,False
966,0.2565601250025793,0.30950916599977063,False
966,1.0041064170000027,0.3178076250042068,True
967,0.4652360000036424,0.304346416000044,False
967,0.6882071669970173,0.30412545899889665,False
968,0.6998421250027604,0.3040667500026757,False
968,1.0040972499991767,0.30467891599982977,True
969,0.5019397500000196,0.3055944579973584,False
969,0.535918749999837,0.3078514169974369,False
970,0.6206394169930718,0.30477541599975666,False
970,0.3360212089974084,0.30438683399552247,False
971,1.00424779199966,0.30409399999916786,True
971,0.6356244169946876,0.3155880839985912,False
972,1.004437957999471,0.30728258399904007,True
972,1.0041162089983118,0.3080784580015461,True
973,1.0044183749996591,0.30631408400222426,True
973,0.2577641250027227,0.30682749999687076,False
974,1.0041339590025018,0.30679999999847496,True
974,0.2535397089959588,0.3071308750004391,False
975,1.0041547079963493,0.30727341700549005,True
975,0.2581577919991105,0.30711975000303937,False
976,0.47834395799873164,0.31153279099817155,False
976,0.34713970899611013,0.3065876670007128,False
977,0.3739982089973637,0.3071092500031227,False
977,0.33144104199891444,0.3069560840012855,False
978,1.0043980420014123,0.30725808299757773,True
978,0.25974283299728995,0.307207958001527,False
979,0.25827920899610035,0.3070337909957743,False
979,0.43572758400114253,0.30703187500330387,False
980,0.654852708998078,0.30725795900070807,False
980,0.3305247089956538,0.306952499995532,False
981,1.004398041004606,0.3077553750044899,True
981,0.499209041998256,0.30831895799929043,False
982,0.4144499999965774,0.30739537499903236,False
982,0.3303930840047542,0.3077945000040927,False
983,0.3313954580007703,0.3079109999962384,False
983,0.25918216699938057,0.3073030830055359,False
984,0.585104958001466,0.307638375001261,False
984,0.33495275000313995,0.3077261250000447,False
985,0.2579273750016,0.30834437500016065,False
985,1.0043178329942748,0.3070977919996949,True
986,1.004279000000679,0.30855337499815505,True
986,0.2576242089999141,0.3082277079956839,False
987,0.5193563330030884,0.30747025000164285,False
987,0.40740270799869904,0.30805174999841256,False
988,0.413167999999132,0.30916995899315225,False
988,1.0047202079949784,0.3224940410000272,True
989,0.2543771669952548,0.3078607919960632,False
989,1.0042545000032987,0.3069314580061473,True
990,0.40829737500462215,0.3091322910040617,False
990,0.42953579199820524,0.30710712500149384,False
991,0.5046641669978271,0.3076666249980917,False
991,1.004299500003981,0.3076415410032496,True
992,0.5151172910045716,0.3079985829972429,False
992,0.2544340829990688,0.30731666600331664,False
993,0.33336850000341656,0.3095734170055948,False
993,0.25829504200373776,0.3075702080022893,False
994,0.9924641670004348,0.3069667079980718,False
994,1.0042746660037665,0.3120970829986618,True
995,0.25457949999690754,0.3077082079980755,False
995,1.0043396250039223,0.30771145800099475,True
996,0.5081110410028487,0.30803883399494225,False
996,1.0043198330022278,0.3082645410031546,True
997,0.3339862919965526,0.3074982909965911,False
997,1.0043867909989785,0.30822779199661454,True
998,1.0041933329994208,0.3086962079978548,True
998,0.6199312909957371,0.3077552500035381,False
999,1.0042137089985772,0.30768745800014585,True
999,0.5786264170019422,0.3078644159977557,False
1000,1.0042979579957318,0.30882062499586027,True
1000,0.5972371669995482,0.3075327920014388,False
